agent_id,agent_label,work_id,work_label
21446,Bob Ellis,79357,Newsfront
11119,Phil Noyce,79357,Newsfront
8896,Tony Ayres,108800,Sadness: a monologue by William Yang
43384,Jack Anderson,117856,[John Anderson Home Movies: Reel 13]
79598,Simon Target,91601,Bedtimes over
15193,Roger Mirams,86067,Funny things happen down under
13715,Michael Thornhill,80701,The FJ Holden
86406,Mandy Walker,115739,Love serenade
8330,Shirley Barrett,115739,Love serenade
6720,Sue Ford,120100,Woman in a house
8745,Nigel Buesst,120100,Woman in a house
12749,Australian War Memorial,87146,Voices from a war (MAC & PC)
74396,Martyn Sanderson,73205,A Stone in the bush
15100,Brian Kavanagh,69300,Joyful and triumphant
16132,Tal Ordell,69386,The Kid Stakes
12016,David Bairstow,69340,Kangaroos. Part 1. Biography [Italian version]
19395,Barry Pierce,76770,Bet your life
7927,Jan Sharp,75346,Niki
31652,Paul Field,89714,Captain Feathersword the friendly pirate
43384,Jack Anderson,114489,[John Anderson Home Movies: Reel 36]
11028,Armagan Ballantyne,110145,Little echo lost
76210,Jack Egan,79432,Cricket in Australia
19395,Barry Pierce,75940,RSVP = Retired Senior Volunteer Programme
19049,Bob Connolly,75940,RSVP = Retired Senior Volunteer Programme
6571,Daniel Crooks,108516,On perspective and motion
85169,GMV-6 Shepparton,119299,[Ned Kelly cummerbund]
14931,Martha Ansara,79053,My survival as an Aboriginal
14931,Martha Ansara,122457,Always Was Always Will Be
12170,Suzanne Baker,64587,After the Flood
14931,Martha Ansara,79286,The Pursuit of happiness
12170,Suzanne Baker,77387,The Nest egg
74759,Justin Milne,76703,Breaking point
27090,ICON,94983,Thunderstruck
7252,Trevor Graham,86116,Mabo: the life of an Island man (Captioned)
20692,Paul Cox,84794,Underdog
12323,R. Maslyn Williams,65027,At the sign of the owl
8316,Patrick Ryan,67297,The Explorer
10241,Rolf De Heer,84978,Bad boy Bubby
77777,Domenico Procacci,84978,Bad boy Bubby
13900,Bruce Beresford,80719,The Adventures of Barry McKenzie
20431,Chris Owen,81610,Man Without Pigs
12064,Gil Brealey,79879,John Norton
12064,Gil Brealey,65918,The Challenge
13029,Alan Burke,79660,Kindred spirits
22794,Claude Whatham,95620,Hoodwink [DVD]
43384,Jack Anderson,99992,[John Anderson Home Movies: Reel 32]
8347,Sue Brooks,108548,The Drover's wife
15193,Roger Mirams,90282,The Jolly swagman. [Parts 1 and 2]
12170,Suzanne Baker,86278,Jane (TEFC)
12323,R. Maslyn Williams,70379,Mike and Stefani
84432,ABC,96315,Ghost town
12797,Donald Crombie,75429,Who killed Jenny Langby?
7072,Richard Frankland,84810,When dreaming paths meet
84432,ABC,70249,Media school
10977,Ray Argall,83989,Return home
76469,Jim Sharman,80847,The Night the Prowler
74451,Anthony Buckley,80847,The Night the Prowler
19197,Bob Weis,97614,Proud to live
30152,Stephen Hopkins,94644,Dangerous game
13379,Frank Hurley,65644,Brown coal to briquettes
84432,ABC,66232,The Colonial chair
19152,Maureen McCarthy,98358,You've got to start somewhere
12016,David Bairstow,69341,Kangaroos. Part 2. Varieties
43384,Jack Anderson,117822,[John Anderson Home Movies: Reel 7]
19156,Geoff Burrowes,79560,The Man from Snowy River II
13379,Frank Hurley,65645,Brown coal to kilowatts
73938,Robert Edwards,90328,Flint miners of the Nullabor
84432,ABC,75275,Secret world: around the bay
14079,Noel Monkman,88275,Australia's coral wonderland
19883,Albie Thoms,80004,Palm Beach
82089,Kenneth Rankine,114440,[KenRa Films Present: the Kenneth Rankine Home Movie Collection: Reel 31]
17648,James Ricketson,76580,A World of his own
19848,Don McLennan,83998,Mull
86253,John Pallaris,120065,'Moomba' 1972 - 'Float parade' thru' the city.
20892,John Duigan,119171,[John Robertson Duigan Film Collection: Reel 3]
74658,Yoram Gross,83329,The Little convict
12797,Donald Crombie,80703,The Killing of Angel Street
74451,Anthony Buckley,80703,The Killing of Angel Street
84299,Dorothy Nixon,117824,[Nixon Family Home Movies: Reel 2]
84298,Les Nixon,117824,[Nixon Family Home Movies: Reel 2]
12209,Cecil Holmes,78806,Three in one
19787,Stephen Wallace,93189,Blood oath = Prisoners of the sun [DVD]
78352,Denis Whitburn,93189,Blood oath = Prisoners of the sun [DVD]
31653,Charles Waterstreet,93189,Blood oath = Prisoners of the sun [DVD]
84295,William Darbyshire,117798,[William Darbyshire Home Movies: Reel 13]
12064,Gil Brealey,72498,Say bow-wow
84852,Val Jellay,118254,[Maurie Fields and Val Jellay Home Movies: Reel 18]
8321,Deborah Hoare,83123,Lover boy. Bonza
74658,Yoram Gross,79791,Dot and the kangaroo
12521,Lee Robinson,68833,In song and dance
15809,Joy Cavill,68833,In song and dance
76358,Pamela Williams,79310,Prejudice: equality ...at what price
76127,Bryan Brown,86591,Dead Heart (A) (Captioned)
76792,R. Markowitz,81011,A Dangerous life
20437,Dennis O'Rourke,77946,Fiji - legacies of empire
8642,Ana Kokkinos,87727,Head On
19966,Jane Scott,87727,Head On
43384,Jack Anderson,117876,[John Anderson Home Movies: Reel 29]
23159,Yahoo Serious,86846,Reckless Kelly (Director's cut)
15982,Ralph Smart,69166,It's the navy
7927,Jan Sharp,65864,Caterina: an extended family
11966,David Corke,66168,"Claus Bury, landscape sculpture"
9991,Patricia Edgar,93309,Yolngu boy
20897,Peter Maxwell,86066,Fluteman
86135,Chey Scovell,119751,My Banquet...
20017,Matt Carroll,92458,Breaker Morant [DVD]
22309,Don Chaffey,80521,The Fourth wish
16607,Catherine Duncan,70275,The Meeting place
11274,Richard Wherrett,110403,The Girl who met Simone de Beauvoir in Paris
20897,Peter Maxwell,119720,Mystery at castle house
12787,John Gray,75953,The Constant threat
11187,Samantha Lang,110313,Audacious
8316,Patrick Ryan,68125,Sebastian the fox: the goldmine
7121,Ian Haig,80291,Godzilla meets the Brady bunch the art of Maria Kozic
34214,Dein Perry,92570,Bootmen [DVD]
43384,Jack Anderson,114457,[John Anderson Home Movies: Reel 18]
74451,Anthony Buckley,95195,History of Australian Cinema [DVD]
11966,David Corke,97065,Fiji: village life
12897,Frank L. Few,68684,Emu hunt
84432,ABC,68684,Emu hunt
84432,ABC,95545,The Mateship commune (TEFC)
12064,Gil Brealey,68988,Interaction: music and painting
19395,Barry Pierce,97587,"Energy, food and exercise"
20892,John Duigan,78153,Mouth to mouth (AFC)
13073,John Edwards,65360,Best laid plans
12785,Howard Hughes,65139,The Australian plague locust
7252,Trevor Graham,84507,Before death us do part: a do-it-yourself guide to divorce
13776,Jack Lee,82148,Belinda
22078,Harvey Broadbent,79710,Gallipoli - the Fatal Shore (Captioned)
12170,Suzanne Baker,71106,On the move
20692,Paul Cox,80041,Vincent
12016,David Bairstow,65364,Better pastures - better beef
22134,Bill Hughes,92666,The Interview [DVD]
27942,Peter Duncan,85922,Children of the revolution
12787,John Gray,96563,Hospital at work
76455,Gary Hannam,79707,The Navigator: A Medieval Odyssey (Captioned)
10975,Mark Lewis,79708,Cane toads: an unnatural history (Captioned)
12648,John Taylor,82057,The Huge adventures of Trevor a cat; Trevor Island
34038,Andrew Dominik,92492,Chopper [DVD] (D)
7927,Jan Sharp,75332,Kerry
8745,Nigel Buesst,66648,Daydreams (TEFC)
12170,Suzanne Baker,72858,"Sister, if you only knew"
11966,David Corke,86309,Migration: the first week
84851,Daniel von Sturmer,109407,Short band video
20706,Humphrey McQueen,77730,The Bloodhouse
12521,Lee Robinson,74512,Water: our problem
21443,Michael Pattinson,80015,Moving Out
12170,Suzanne Baker,69982,The Magic arts
15528,Bruce Petty,69982,The Magic arts
20701,Ted Robinson,79004,How to avoid decisions
12797,Donald Crombie,96112,It's so easy. - [rev. ed.]
12064,Gil Brealey,69517,Late Winter to Early Spring
10225,Jackie McKimmie,77925,Stations
15007,Ken Hannam,80984,Summerfield
76583,Bruce Myles,80013,Ground Zero
21443,Michael Pattinson,80013,Ground Zero
77502,Posie Graeme-Evans,84531,The Miraculous Mellops 2. Part 4
10983,Karl Zwicky,84531,The Miraculous Mellops 2. Part 4
84293,Charles Hayes,118274,[Charles Hayes Home Movies: Reel 10]
74658,Yoram Gross,75406,Good buy
11274,Richard Wherrett,86860,Billy's holiday
78352,Denis Whitburn,86860,Billy's holiday
11966,David Corke,80217,Kingdom of the Lyrebird
80604,Claire Forster,94029,Wives' tales
17495,Stanley Brogden,72016,RAAF Record. Newsreel No. 08
74658,Yoram Gross,83201,Blinky Bill
12677,Arch Nicholson,75372,Floating rice
11119,Phil Noyce,64729,Amy
84293,Charles Hayes,117754,[Charles Hayes Home Movies: Reel 2]
32731,Paul Currie,94984,One perfect day
17648,James Ricketson,77391,Hitting a brick wall
19395,Barry Pierce,97599,"Fatness, foods and fads"
23238,Colin Eggleston,81009,Airhawk: star of the north
23238,Colin Eggleston,81037,Long weekend
19979,Mario Andreacchio,77198,One and one makes three
84297,Tibor Koller,117800,[Tibor Zoltan Koller Home Movie Collection]
19382,David MacDougall,79600,Link-up diary
8316,Patrick Ryan,72792,The Showman
9263,Philip Brophy,85172,Body Melt
84295,William Darbyshire,117795,[William Darbyshire Home Movies: Reel 10]
12016,David Bairstow,67359,Faces of the city
22332,Sue Milliken,85615,Dating the enemy
82089,Kenneth Rankine,114417,[KenRa Films Present: the Kenneth Rankine Home Movie Collection: Reel 1]
8745,Nigel Buesst,74108,The Twentieth
20437,Dennis O'Rourke,78669,The Sharkcallers of Kontu
20795,George Ogilvie,79718,The Place at the coast (Captioned)
12787,John Gray,71352,Papua New Guinea report
8392,Robert Luketic,86149,Titsiana Booberini
12170,Suzanne Baker,99196,Lake
20796,Carl Schultz,84213,Blue fin (Captioned)
11966,David Corke,97082,The Rain forest
13379,Frank Hurley,86011,The Eternal forest
84293,Charles Hayes,118275,[Charles Hayes Home Movies: Reel 11]
84432,ABC,67585,Fishing the lake country
84432,ABC,85647,Breaking the ice
12677,Arch Nicholson,65061,Australia
10066,Ken G. Hall,118317,Sea Raider [original release]
76210,Jack Egan,84226,The Story of cricket in Australia (Captioned)
7252,Trevor Graham,99388,Paper trail: the life & times of a woodchip
30182,John S. Curran,88139,Praise
6720,Sue Ford,120103,"Jenny Watson, painter"
20498,Roger Scholes,80626,The Last tall forest
73443,Michael James Rowland,108614,Flying over mother
84432,ABC,65149,Australia's 1st International Girl Guides Camp
21440,Esben Storm,81373,More Winners : The Big Wish (Captioned)
74235,Dean Semler,75320,Five bells: sights and sounds of Sydney Harbour
12170,Suzanne Baker,75320,Five bells: sights and sounds of Sydney Harbour
12044,Stanley Hawes,65931,Challenging years
20796,Carl Schultz,79362,Travelling North
75229,Frank Thring,98284,Diggers
17495,Stanley Brogden,90228,RAAF Record. Newsreel No. 06
20701,Ted Robinson,79003,"Mates, martyrs and masters"
12016,David Bairstow,70171,Marsupials: Naturally the numbat
12797,Donald Crombie,76110,One good reason
19018,Henry Lawson,96005,The Drover's wife: a short story by Henry Lawson
84432,ABC,96005,The Drover's wife: a short story by Henry Lawson
10241,Rolf De Heer,95137,The Old man who read love stories
8745,Nigel Buesst,78152,Come out fighting
86253,John Pallaris,120063,'Moomba' 1974 - 'Float parade' thru' the city
15528,Bruce Petty,76908,Megalomedia
10241,Rolf De Heer,98357,The Voice of the people
23162,Antony Ginnane,94566,Fantasm (E)
7927,Jan Sharp,75533,Sadek: speaking English
13379,Frank Hurley,72332,The Romance of brown coal
12170,Suzanne Baker,71885,Productivity is people
7072,Richard Frankland,86227,No way to forget
6720,Sue Ford,120099,Time changes
10848,rea,109980,gins_leap/dubb_speak
12044,Stanley Hawes,67625,Flight plan
84295,William Darbyshire,117787,[William Darbyshire Home Movies: Reel 2]
84432,ABC,96658,Selective breeding
74658,Yoram Gross,83010,Dot and Santa Claus
12677,Arch Nicholson,71453,People of the cities
82089,Kenneth Rankine,114431,[KenRa Films Present: the Kenneth Rankine Home Movie Collection: Reel 17. Olympic Pool 1943]  [excerpt]
12217,Ivan Gaal,98897,Meeting of minds: the mentor program
12677,Arch Nicholson,64956,Thailand
84432,ABC,64956,Thailand
86253,John Pallaris,120064,'Moomba' 1973 - 'Float parade' thru' the city
12209,Cecil Holmes,76400,A Matter of care: a review of the work of the Repatriation Department
9991,Patricia Edgar,94019,First day
9991,Patricia Edgar,82565,Mr. Fish and Lotis
12798,Oliver Howes,74218,The Unknown land
12797,Donald Crombie,87199,"Through my eyes: Stradbroke Primary School, South Australia (TEFC)"
20498,Roger Scholes,78429,Highland winter
6514,David Caesar,94162,Dirty deeds
76127,Bryan Brown,94162,Dirty deeds
75536,Michael Pate,81042,The Mango tree
12521,Lee Robinson,95711,Pearlers
12693,John B Murray,81035,Libido
12787,John Gray,97057,Table looms
20701,Ted Robinson,79728,Wipe Out the Jargon (Captioned)
12170,Suzanne Baker,72655,Senka
84432,ABC,74354,News digest [No. 3]
11712,Alexander Stitt,119718,"One designer, two designer"
21443,Michael Pattinson,79077,Winners : Just friends (Captioned)
19979,Mario Andreacchio,76803,Beat the heat: energy efficient housing
74142,Bill Mason,67034,Edward John Eyre
84432,ABC,75543,Who pays the price?
84432,ABC,82640,Chi: the breath of life
12209,Cecil Holmes,73332,Style of champions: the Australian crawl
10975,Mark Lewis,82078,The Wonderful world of dogs
8670,Tim Reid,108628,Satdee night
82089,Kenneth Rankine,114415,[KenRa Films Present: the Kenneth Rankine Home Movie Collection]
20892,John Duigan,119179,[John Robertson Duigan Film Collection: Reel 11]
21440,Esben Storm,84179,Diablo is done for (NP)
15528,Bruce Petty,68379,Hearts and minds
84432,ABC,97875,Mister Prime Minister: Joseph Benedict Chifley
19844,Scott Hicks,97748,Canker at the core
43384,Jack Anderson,117873,[John Anderson Home Movies: Reel 26]
21443,Michael Pattinson,83819,Wendy cracked a walnut
13073,John Edwards,83819,Wendy cracked a walnut
84299,Dorothy Nixon,117826,[Nixon Family Home Movies: Reel 8]
84298,Les Nixon,117826,[Nixon Family Home Movies: Reel 8]
19152,Maureen McCarthy,98635,Eating your heart out
84293,Charles Hayes,118277,[Charles Hayes Home Movies: Reel 12]
19979,Mario Andreacchio,82022,Family or friends...?
74759,Justin Milne,69880,Long time journey
21203,Ben Lewin,81377,The Migrant experience. Parts 5 and 6 (Captioned)
19844,Scott Hicks,86930,Sebastian and the sparrow
9735,Ray Lawrence,80718,Bliss
74451,Anthony Buckley,80718,Bliss
13029,Alan Burke,79175,Kindred spirits (Captioned)
12016,David Bairstow,69343,Kangaroos. Part 2. Varieties [Italian version]
10225,Jackie McKimmie,82404,Breaking through...
12217,Ivan Gaal,85896,Autism: who cares (TEFC)
10912,Allan Parker,110034,Boppo's bike ride
13379,Frank Hurley,79860,A Nation is built
84432,ABC,86053,Confronting the future
35395,Ron Cobb,93573,Garbo
43384,Jack Anderson,114463,[John Anderson Home Movies: Reel 24]
84432,ABC,71204,Orbost v Orbost
37730,Harry Southwell,97577,The Kelly gang
12677,Arch Nicholson,74909,Working: Soviet style
22480,Bill Bennett,80259,The Banjo and the bard
12693,John B Murray,80773,Lonely Hearts
20692,Paul Cox,80773,Lonely Hearts
20892,John Duigan,92707,Sirens
22332,Sue Milliken,92707,Sirens
22480,Bill Bennett,95076,Tempted
82089,Kenneth Rankine,114418,[KenRa Films Present: the Kenneth Rankine Home Movie Collection: Reel 2]
11119,Phil Noyce,75327,Disco
43384,Jack Anderson,99994,[John Anderson Home Movies: Reel 34]
11277,Di Drew,79091,Banduk (Captioned)
13715,Michael Thornhill,80778,The Journalist
43384,Jack Anderson,117820,[John Anderson Home Movies: Reel 5]
30169,Mick Molloy,94287,Crackerjack
12064,Gil Brealey,87935,The Line
14064,A.P. Elkin,69810,Australian Aborigines: living off the land
8345,Emma-Kate Croghan,95153,Strange planet
10241,Rolf De Heer,107640,Clips from Ten Canoes
82089,Kenneth Rankine,114430,[KenRa Films Present: the Kenneth Rankine Home Movie Collection: Reel 15]
12984,Ken Cameron,73598,Temperament unsuited
9257,Tony Krawitz,92828,Together in the middle of nowhere
20017,Matt Carroll,81047,Money movers
12064,Gil Brealey,73830,Time and place
10977,Ray Argall,78612,Pop movie. Part 1
18809,Ron Taylor,98783,High jump and pole vault
17043,E.J. Carroll,71091,On our selection
17044,Raymond Longford,71091,On our selection
84432,ABC,65407,A Big hand for everyone
20018,Henri Safran,83815,Bush Christmas
11116,Chris Noonan,98510,Bulls
14079,Noel Monkman,98288,Catching crocodiles
84297,Tibor Koller,117808,[Tibor Zoltan Koller Home Movies: Reel 8]
74451,Anthony Buckley,67734,Forgotten Cinema
17648,James Ricketson,76579,Just like other kids: Ramona Marsh
82089,Kenneth Rankine,114442,[KenRa Films Present: the Kenneth Rankine Home Movie Collection: Reel 33]
11116,Chris Noonan,67030,Education?
19979,Mario Andreacchio,86575,Vaudeville
19863,Anne Deveson,82216,Not a bedroom war
12677,Arch Nicholson,71470,The People's music: Soviet style
20437,Dennis O'Rourke,77945,The Marshall Islands: Living with the bomb
23255,John Cornell,81018,Crocodile Dundee II
19966,Jane Scott,81018,Crocodile Dundee II
84296,Len Moncur,119214,[Len Moncur Home Movies: Reel 1]
17648,James Ricketson,76581,A Wall of Silence
12064,Gil Brealey,80084,Dusty (Captioned)
73923,Tom Daly,85725,Symbol boy
75800,Paul Goldman,94508,Australian rules (A) [DVD]
80838,Mark Lazarus,94508,Australian rules (A) [DVD]
30169,Mick Molloy,93689,Tackle happy (E)
14079,Noel Monkman,69123,Island of turtles
12217,Ivan Gaal,96624,Circus nomads
12797,Donald Crombie,81026,The Irishman
74451,Anthony Buckley,81026,The Irishman
12217,Ivan Gaal,81990,Bike ed in action; be seen to be safe.
23282,Terry Bourke,86457,Little boy lost
73470,Joel Edgerton,89145,Bloodlock [Widescreen]
20795,George Ogilvie,79275,The Place at the coast
12897,Frank L. Few,67582,Fishing
84432,ABC,67582,Fishing
7173,Paul Fenech,94530,Fat pizza
6571,Daniel Crooks,114191,Train No. 6
20498,Roger Scholes,77491,The Sealer
12323,R. Maslyn Williams,95763,City sailors
85144,Lou Bennett AM,118039,Jaara Nyilamum
11966,David Corke,67023,Edge of the deep
74166,John Armstrong,84904,Hinkler: the aviator
85169,GMV-6 Shepparton,119300,[Ned Kelly cummerbund interview]
12064,Gil Brealey,73351,Suggest a better way
12798,Oliver Howes,73351,Suggest a better way
79598,Simon Target,91603,"No pain, no mess"
31350,Mark Waters,89415,The Gary Crew video
15982,Ralph Smart,69124,Island target
20796,Carl Schultz,84777,Goodbye paradise (AFC)
19966,Jane Scott,84777,Goodbye paradise (AFC)
12984,Ken Cameron,81455,Brides of Christ (Captioned)
11966,David Corke,86692,The Burke and Wills Expedition 1860-1861 (MAC & PC)
20692,Paul Cox,84337,Calcutta
21203,Ben Lewin,79638,Lottie Lyell
10977,Ray Argall,77171,Staying number one: The Swingers
12797,Donald Crombie,87191,"Through my eyes (TEFC): Kilkenny Primary School, South Australia"
13379,Frank Hurley,79627,Antarctic Pioneers
12217,Ivan Gaal,65156,Autism: who cares
19395,Barry Pierce,98708,Sister Forsythe's casebook
6601,John Power,84069,Sky trackers
74451,Anthony Buckley,84069,Sky trackers
84297,Tibor Koller,117801,[Tibor Zoltan Koller Home Movies: Reel 1]
11116,Chris Noonan,75350,Anokhi
13073,John Edwards,68974,Inspecting the car
8321,Deborah Hoare,108526,Bonza
20017,Matt Carroll,93737,Diana and me
7252,Trevor Graham,92534,Mabo: the native title revolution
21996,Derek Bailey,81335,La Stupenda: a portrait of Dame Joan Sutherland
84432,ABC,95918,Parabola
8745,Nigel Buesst,86023,Bonjour Balwyn
85169,GMV-6 Shepparton,119298,"[Proclamation of Benalla, 1965]"
7072,Richard Frankland,85042,From sand to celluloid
78765,Deb Cox,114409,Miss Fisher's Murder Mysteries (Series 03) [promotional trailer]
14079,Noel Monkman,86391,Ocean oddities
84432,ABC,75274,The Vale of Kashmir
11119,Phil Noyce,68098,"God knows why, but it works"
72730,Craig Walsh,110363,Swarm
73758,Michael Yuen,110363,Swarm
74786,Nancy Hamilton,95702,The Bristol school
7252,Trevor Graham,82993,"From little things big things grow: Kev Carmody, singer"
19109,Igor Auzins,81021,High rolling = High rolling in a hot corvette
19620,Solrun Hoaas,78813,Pre-occupied
84432,ABC,66586,Dancing orpheus
13884,John Sexton,66293,Community health: the Australian concept
12170,Suzanne Baker,66293,Community health: the Australian concept
12064,Gil Brealey,75094,A Man's life is his own affair
9735,Ray Lawrence,95549,Jindabyne
84432,ABC,74414,Vivisection and the alternatives
12897,Frank L. Few,70030,Making a stone axe
84432,ABC,70030,Making a stone axe
12170,Suzanne Baker,75198,The Care behind the smile
18809,Ron Taylor,98405,Introduction to horizontal jumping: long jump - triple jump
6601,John Power,74617,What did you do at school today
21203,Ben Lewin,115243,The Migrant experience
15100,Brian Kavanagh,80727,The Chant of Jimmie Blacksmith
23440,Norman McLeod,96265,Mining: a career for you
11966,David Corke,92205,A Skeleton in the crop: the story of skeleton weed (chondrilla juncea) in Australia
12897,Frank L. Few,80877,Walkabout
84432,ABC,80877,Walkabout
20692,Paul Cox,78649,Death and destiny: a Journey into Ancient Egypt
86082,John Brookes,119733,[Brookes Family Home Movies: Reel 2]
84299,Dorothy Nixon,119165,[Nixon Family Home Movies: Reel 5]
84298,Les Nixon,119165,[Nixon Family Home Movies: Reel 5]
13900,Bruce Beresford,68681,The Hunter (D)
14794,Stuart Glover,71608,A Place to live [Turkish version]
22480,Bill Bennett,80771,Mortgage
31350,Mark Waters,94061,The Morris Gleitzman video
74451,Anthony Buckley,75159,A Steam train passes
84432,ABC,75815,The Seal watch with Bob Warneke
12789,Rhonda Small,69009,Into your hand
12044,Stanley Hawes,69009,Into your hand
17328,Paul Hogan,92718,Crocodile Dundee in Los Angeles
79945,Lance Hool,92718,Crocodile Dundee in Los Angeles
7252,Trevor Graham,94021,"Small island, big fight"
8679,Rosemary Hesp,94021,"Small island, big fight"
84293,Charles Hayes,119160,[Charles Hayes Home Movie Collection]
19049,Bob Connolly,97667,Franklin River journey
19197,Bob Weis,115002,Survey (National Gallery of Victoria)
22147,David Greig,96900,The Place Across the River
12217,Ivan Gaal,84434,Professional Development
12217,Ivan Gaal,96698,Basic film language
12798,Oliver Howes,71422,Pearls in the North
31350,Mark Waters,115532,Insight profile
13884,John Sexton,79920,Phar Lap
74658,Yoram Gross,79904,Dot and the Bunny
26894,Clayton Jacobson,85007,Five easy pizzas
84297,Tibor Koller,117814,[Tibor Zoltan Koller Home Movies: Reel 14]
23203,Christopher Fraser,80983,Summer City
23202,Phil Avalon,80983,Summer City
19197,Bob Weis,75637,Robert Rooney
12789,Rhonda Small,65839,The Case for books
12170,Suzanne Baker,72631,Seeing red and feeling blue
13073,John Edwards,68815,In dense traffic
20437,Dennis O'Rourke,79271,Cannibal Tours
20431,Chris Owen,79271,Cannibal Tours
13073,John Edwards,73190,"Steering, gear changing and braking"
82089,Kenneth Rankine,114427,[KenRa Films Present: the Kenneth Rankine Home Movie Collection: Reel 12]
74658,Yoram Gross,80065,Dot goes to Hollywood
84432,ABC,75234,"Man the killer, man the keeper (D)"
12170,Suzanne Baker,68709,I can hear but I can't understand
79339,Nick Giannopoulos,90432,The Wog boy
86406,Mandy Walker,93600,Lantana (Special edition) [DVD]
9735,Ray Lawrence,93600,Lantana (Special edition) [DVD]
7927,Jan Sharp,66178,Clem and Faye
81754,Hazel Edwards,99130,Snail mail
22246,Franklyn Barrett,79852,The Enemy within
12797,Donald Crombie,75210,Do I have to kill my child?
84297,Tibor Koller,117803,[Tibor Zoltan Koller Home Movies: Reel 3]
19836,Alex Proyas,83099,"Spirits of the air, gremlins of the clouds"
84432,ABC,68713,I dream of peace and rest: Norman Lindsay
84297,Tibor Koller,117812,[Tibor Zoltan Koller Home Movies: Reel 12]
10977,Ray Argall,66251,Coma
12064,Gil Brealey,79641,Annie's coming out
10977,Ray Argall,110105,Gary's story
10241,Rolf De Heer,110105,Gary's story
84297,Tibor Koller,117809,[Tibor Zoltan Koller Home Movies: Reel 9]
19979,Mario Andreacchio,83641,The Dreaming
20079,Craig Lahiff,83641,The Dreaming
75968,Robin Anderson,82713,Black harvest
19049,Bob Connolly,82713,Black harvest
8330,Shirley Barrett,108531,Cherith
13461,Roger Sandall,65735,Camels and the Pitjantjara
84299,Dorothy Nixon,117827,[Nixon Family Home Movies: Reel 10]
84298,Les Nixon,117827,[Nixon Family Home Movies: Reel 10]
79394,Tom Rosenberg,92327,The Gift [DVD]
78278,James Jacks,92327,The Gift [DVD]
84432,ABC,67024,Edge of the outback
12209,Cecil Holmes,69931,Lotu
8642,Ana Kokkinos,85034,Only the Brave
11966,David Corke,74601,The Wetlands problem
12798,Oliver Howes,115281,The Human face of Indonesia
12798,Oliver Howes,82604,Indonesia: pressure of population
19395,Barry Pierce,76431,Chart before the course
84432,ABC,70623,Peach's Australia : Mount Buffalo
84432,ABC,75574,West Germany: democracy at risk?
23282,Terry Bourke,81032,Lady stay dead
12044,Stanley Hawes,67448,Festival in Adelaide
12170,Suzanne Baker,85250,Appearances can deceive: offenders with intellectual disabilities
12797,Donald Crombie,71496,Personnel or people?
12064,Gil Brealey,71496,Personnel or people?
7927,Jan Sharp,73213,Stop talking and do something
14931,Martha Ansara,122455,I Remember 1948
14079,Noel Monkman,67433,Feathered fishers
19863,Anne Deveson,96649,They smell different
12170,Suzanne Baker,96649,They smell different
82089,Kenneth Rankine,114425,[KenRa Films Present: the Kenneth Rankine Home Movie Collection: Reel 10]
10227,George Whaley,81814,Poor man's orange (Captioned)
74451,Anthony Buckley,81814,Poor man's orange (Captioned)
84299,Dorothy Nixon,119167,[Nixon Family Home Movies: Reel 9]
84298,Les Nixon,119167,[Nixon Family Home Movies: Reel 9]
19787,Stephen Wallace,76551,Captives of care
12797,Donald Crombie,95631,Robbery under arms [DVD]
15007,Ken Hannam,95631,Robbery under arms [DVD]
74451,Anthony Buckley,80441,The Cutting edge
43384,Jack Anderson,99991,[John Anderson Home Movies: Reel 31]
20017,Matt Carroll,94345,Passion (1999)
27942,Peter Duncan,94345,Passion (1999)
22147,David Greig,120322,Wildcats and Pipedreams
12798,Oliver Howes,73694,The Things we want to keep
14931,Martha Ansara,77473,Changing the needle
12839,Janet Heyer,65191,The Back of Beyond
12840,Roland Robinson,65191,The Back of Beyond
12170,Suzanne Baker,75696,Jose: deserted father (TEFC)
84710,Celeste Barber,118139,If at first you donâ€™t succeed
12984,Ken Cameron,65982,Chase that dream
74451,Anthony Buckley,69440,The Koala
13379,Frank Hurley,79858,Home of the blizzard (1913)
29793,James Bogle,87761,In the winter dark
78193,Rod Kinnear,88517,Herman's Hermits Hilton show
12217,Ivan Gaal,96420,Round and around
12521,Lee Robinson,69294,Journey to Antarctica
17043,E.J. Carroll,79863,The Man from kangaroo (1920)
12677,Arch Nicholson,74606,What about I.F.C?
7252,Trevor Graham,80685,Keen as mustard
84432,ABC,97426,Murray River salination
11966,David Corke,77044,Cullens Lake
23220,Richard Franklin,85235,Hotel Sorrento
84432,ABC,78303,The Mateship commune
7252,Trevor Graham,80690,Land Bilong Islanders
23220,Richard Franklin,95102,The True story of Eskimo Nell
8313,Kim Farrant,110288,Sammy Blue
22665,Mark Joffe,86027,Spotswood
6514,David Caesar,93282,Mullet [DVD]
7927,Jan Sharp,97989,Saturday night again
12064,Gil Brealey,65099,Australian [colour] diary. No. 039
8316,Patrick Ryan,71110,On three moon creek: Australian paintings by Gil Jamieson
19197,Bob Weis,80993,Wills and Burke: The Untold Story
76257,Robert Stevenson,78340,The Business of Welfare
84432,ABC,74363,News digest [No. 14]
11119,Phil Noyce,75326,Brad
17648,James Ricketson,77388,With minimal help
12170,Suzanne Baker,77388,With minimal help
77777,Domenico Procacci,90466,The Quiet room
10241,Rolf De Heer,90466,The Quiet room
11712,Alexander Stitt,83987,"Grendel, grendel, grendel"
20498,Roger Scholes,83975,Home of the brave
15897,Brian Large,83648,Il re pastore
75968,Robin Anderson,77454,First contact
19049,Bob Connolly,77454,First contact
75968,Robin Anderson,79570,Joe Leahy's Neighbours
19049,Bob Connolly,79570,Joe Leahy's Neighbours
20017,Matt Carroll,76848,Storm Boy
20018,Henri Safran,76848,Storm Boy
77812,Jon Hewitt,85071,Bloodlust
77811,Richard Wolstencroft,85071,Bloodlust
13715,Michael Thornhill,70654,Mr Fixit - my dad
9991,Patricia Edgar,70339,Mexico 75: no place else in the world to be
19156,Geoff Burrowes,80009,The Man from Snowy River
84432,ABC,65480,Black Tuesday
11966,David Corke,111352,Aboriginal legends. No. 2
21446,Bob Ellis,84170,The Nostradamus kid
77777,Domenico Procacci,93010,He died with a felafel in his hand
37730,Harry Southwell,95527,The Hordern mystery
84432,ABC,64848,Appointment at Seal Rocks
8316,Patrick Ryan,70798,Ned Kelly: paintings by Sidney Nolan
19844,Scott Hicks,97749,The Pursuit of excellence
43384,Jack Anderson,114458,[John Anderson Home Movies: Reel 19]
18476,Ludwik Dutkiewicz,73984,Transfiguration
15007,Ken Hannam,95625,Summerfield [DVD]
20897,Peter Maxwell,79097,Run Rebecca Run (Captioned)
6483,Peter Hennessey,107994,Making Chunky Move: C.O.R.R.U.P.T.E.D. 2
13715,Michael Thornhill,67235,The Esperance story
11966,David Corke,97362,Forest by day
12521,Lee Robinson,66510,Crocodile hunters
84432,ABC,82668,The Indian army
21714,Michael Carson,79661,Mail Order Bride
19787,Stephen Wallace,79661,Mail Order Bride
12677,Arch Nicholson,75374,Ka Rorn: southern village
7252,Trevor Graham,85601,Ka-wayawayama: Aeroplane Dance
78983,Cate Blanchett,88845,Bangers
13029,Alan Burke,65331,R. O'Hara Burke
84432,ABC,65331,R. O'Hara Burke
73923,Tom Daly,70106,The Man who can't stop
12918,Michael Rubbo,70106,The Man who can't stop
12217,Ivan Gaal,84433,Whole School Planning
84295,William Darbyshire,117793,[William Darbyshire Home Movies: Reel 8]
19836,Alex Proyas,76592,Neon
10983,Karl Zwicky,86351,Paws
82089,Kenneth Rankine,114422,[KenRa Films Present: the Kenneth Rankine Home Movie Collection: Reel 7]
7072,Richard Frankland,86451,After Mabo
84432,ABC,96317,Casey
23173,Ross Dimsey,81502,The Naked Country
8347,Sue Brooks,78319,The Drover's wife
12217,Ivan Gaal,99146,Feet and footwear: caring for your feet
84432,ABC,91807,Bluestone
23162,Antony Ginnane,85369,Harlequin
13379,Frank Hurley,79925,Pearls and savages (1921)
77381,Richard Moir,96267,City family
12797,Donald Crombie,96267,City family
12064,Gil Brealey,80071,Dusty
84432,ABC,97032,Dingo country
12016,David Bairstow,69342,Kangaroos. Part 2. Varieties [Greek version]
12323,R. Maslyn Williams,70692,Music camp
12044,Stanley Hawes,73746,This land Australia
11966,David Corke,115259,Aboriginal legends
15528,Bruce Petty,69350,Karl Marx
82089,Kenneth Rankine,114420,[KenRa Films Present: the Kenneth Rankine Home Movie Collection: Reel 5]
12648,John Taylor,80104,Trevor Island
12569,Eric Porter,64879,Are you positive?
6514,David Caesar,107993,Shoppingtown
19844,Scott Hicks,76964,Pride and prejudice
15100,Brian Kavanagh,80981,Double deal
84432,ABC,64818,Antarctic winter
19863,Anne Deveson,83313,Spinning out
20892,John Duigan,119168,[John Robertson Duigan Film Collection: Reel 1]
9991,Patricia Edgar,70736,Nah - he was in a big house before (TEFC)
12797,Donald Crombie,67459,The Fifth facade
74451,Anthony Buckley,67459,The Fifth facade
74166,John Armstrong,83511,The real flying doctors
12217,Ivan Gaal,115365,Kids for kids
43384,Jack Anderson,99993,[John Anderson Home Movies: Reel 33]
10977,Ray Argall,78243,Julie Julie
11119,Phil Noyce,95115,Shadows of the peacock = Echoes of paradise
19966,Jane Scott,95115,Shadows of the peacock = Echoes of paradise
14079,Noel Monkman,98289,People of the ponds
8113,Josephine Starrs,109977,Seeker
8114,Leon Cmielewski,109977,Seeker
72726,Arlene TextaQueen,109405,Snap!
12693,John B Murray,65020,Assistance India : people to people
17648,James Ricketson,76577,On borrowed time: Bruce Ellison
12170,Suzanne Baker,78503,It is always so in the world
12044,Stanley Hawes,71574,A Pint of milk
12044,Stanley Hawes,71988,The Queen Returns
84295,William Darbyshire,117797,[William Darbyshire Home Movies: Reel 12]
85170,Ben Abbott,119316,[Remix: Victorian Road Signs]
6775,Ross Gibson,78617,Camera natura
12785,Howard Hughes,74696,White clay and ochre
78749,Patrick Hughes,88051,The Director [Widescreen]
72727,Hossein Valamanesh,109406,From the heart
12797,Donald Crombie,72451,Sailor
76469,Jim Sharman,79469,Voss
19877,Peter Butt,76659,No such a place
12789,Rhonda Small,66621,David and Jennifer Learn Their Kerb Drill
6720,Sue Ford,118038,"Low deposit, easy terms"
84432,ABC,96313,Montage
82089,Kenneth Rankine,114444,[KenRa Films Present: the Kenneth Rankine Home Movie Collection: Reel 35]
20018,Henri Safran,84228,Storm boy (Captioned)
20017,Matt Carroll,84228,Storm boy (Captioned)
84432,ABC,75252,Pilgrimage
20018,Henri Safran,81458,Storm boy. - [Edited version]
20017,Matt Carroll,81458,Storm boy. - [Edited version]
12064,Gil Brealey,70389,Millionaire for a pound
84293,Charles Hayes,117752,[Charles Hayes Home Movies: Reel 5]
82089,Kenneth Rankine,114439,[KenRa Films Present: the Kenneth Rankine Home Movie Collection: Reel 28]
86082,John Brookes,119734,[Brookes Family Home Movies: Reel 3]
12677,Arch Nicholson,73726,This is philosophy
19197,Bob Weis,75638,Rosalie Gascoigne
13715,Michael Thornhill,96029,Leonard French's stained glass screens
84432,ABC,96379,Clydesdales
12209,Cecil Holmes,67989,Gentle strangers
81453,Norman Godbold,96519,Destination: Port of Melbourne
43384,Jack Anderson,114455,Beautiful Ballarat
20892,John Duigan,119176,[John Robertson Duigan Film Collection: Reel 8]
20897,Peter Maxwell,77915,"Run Rebecca, run!"
10975,Mark Lewis,95583,The Floating Brothel
20701,Ted Robinson,78424,It doesn't hurt to know
11119,Phil Noyce,75345,Mick
73804,Chris Haywood,85867,Media project: a film about media coverage of the Gulf War and memory
19324,Peter Watkins,85867,Media project: a film about media coverage of the Gulf War and memory
86082,John Brookes,119737,[Brookes Family Home Movies: Reel 6]
74658,Yoram Gross,84217,Blinky Bill (Captioned)
79486,Jeremy Kewley,91074,Funny by George
76560,Nevin Tait,79859,The Story of the Kelly gang (1906)
76559,John Tait,79859,The Story of the Kelly gang (1906)
20692,Paul Cox,92506,Innocence
23162,Antony Ginnane,80961,Turkey shoot
21446,Bob Ellis,80965,Warm nights on a slow moving train
23173,Ross Dimsey,80965,Warm nights on a slow moving train
9263,Philip Brophy,83154,"Salt, saliva, sperm and sweat (AFC)"
22078,Harvey Broadbent,82270,The Boys who came home: recollections of Gallipoli
84432,ABC,96314,Starting point: ferries
82089,Kenneth Rankine,114423,[KenRa Films Present: the Kenneth Rankine Home Movie Collection: Reel 8]
82089,Kenneth Rankine,114432,[KenRa Films Present: the Kenneth Rankine Home Movie Collection: Reel 17]
8347,Sue Brooks,80632,An Ordinary woman
43384,Jack Anderson,117857,[John Anderson Home Movies: Reel 14]
43384,Jack Anderson,114450,[John Anderson Home Movies: Reel 1]
80818,Karen Baldwin,94480,Swimming upstream
79951,Howard Baldwin,94480,Swimming upstream
84432,ABC,75249,The Southern edge: marsh and mangroves
84293,Charles Hayes,117816,[Charles Hayes Home Movies: Reel 8]
21443,Michael Pattinson,80006,Street Hero
86082,John Brookes,119749,[Brookes Family Home Movies: Reel 9]
80621,Rupert Kathner,94068,The Glenrowan affair
9991,Patricia Edgar,96410,My way
20229,Andrew Sinclair,77184,Not without foundation
86082,John Brookes,119736,[Brookes Family Home Movies: Reel 5]
74313,John Lamond,81006,Breakfast in Paris
11966,David Corke,74526,The Waterhole
74658,Yoram Gross,115451,The Adventures of Blinky Bill
12170,Suzanne Baker,77034,Compilation: one hundred entertainments
75229,Frank Thring,79950,Efftee Entertainers
84297,Tibor Koller,117804,[Tibor Zoltan Koller Home Movies: Reel 4]
12797,Donald Crombie,69102,Is anybody doing anything about it?
6571,Daniel Crooks,109879,Time slice 2002: recent spatial and temporal displacement experiments
84432,ABC,96660,Surfing waves
21259,George Gittoes,78357,Unbroken Spirit
86253,John Pallaris,120066,'Moomba' Festival 1967 - 'Float parade' thru' the city.
76210,Jack Egan,78159,Tennis: the greats
84293,Charles Hayes,117753,[Charles Hayes Home Movies: Reel 1]
12170,Suzanne Baker,77386,The Other side of the coin
12797,Donald Crombie,73927,Top end
11966,David Corke,111353,Aboriginal legends. No. 1
74451,Anthony Buckley,75133,Now you're talking
22246,Franklyn Barrett,79862,The Breaking of the drought
7072,Richard Frankland,61904,No way to forget
12797,Donald Crombie,73801,"Through my eyes: Stradbroke Primary School, South Australia"
77479,Tim Johnson,83787,Fair treatment
18046,John O'Shea,73124,Spread your wings: making it with TAFE
84293,Charles Hayes,118273,[Charles Hayes Home Movies: Reel 9]
19877,Peter Butt,82266,"Saviours, heroes, lovers"
31901,Clara Law,94977,Letters to Ali [DVD]
20437,Dennis O'Rourke,91950,Cunnamulla
12648,John Taylor,85270,"Here's your bike, Ed!"
12064,Gil Brealey,67614,Flash point
79731,Steve Jacobs,93436,La Spagnola
80277,Anna-Maria Monticelli,93436,La Spagnola
20892,John Duigan,92215,The Year my voice broke
11274,Richard Wherrett,86816,Summer of the seventeenth doll [Australian Opera]
12044,Stanley Hawes,111393,Across the frontiers
19877,Peter Butt,94968,Fortress Australia: the secret bid for the Atomic Bomb [Widescreen]
12798,Oliver Howes,77944,Atoll life in Kiribati
12170,Suzanne Baker,96523,Margaret: Mildly mentally retarded
14794,Stuart Glover,71606,A Place to live [Italian version]
43384,Jack Anderson,114462,[John Anderson Home Movies: Reel 23]
86406,Mandy Walker,94488,Life
86082,John Brookes,119732,[Brookes Family Home Movies: Reel 1]
12521,Lee Robinson,64833,Anzac: a nation's heritage
8347,Sue Brooks,114273,The Drover's wife
73443,Michael James Rowland,110375,Flying over mother
76358,Pamela Williams,80145,Hit and Miss/One Voice
14827,Ron Iddon,81893,Peppimenarti
12897,Frank L. Few,74097,Turtle hunt
84432,ABC,74097,Turtle hunt
74658,Yoram Gross,80083,Dot and the Whale
78765,Deb Cox,114410,Miss Fisher's Murder Mysteries: Hispano Suiza
10241,Rolf De Heer,120326,Spotlights
22147,David Greig,117278,Ceremony
43384,Jack Anderson,119158,[John Anderson Home Movie Collection]
12897,Frank L. Few,114567,Alcheringa
84432,ABC,114567,Alcheringa
11198,Rowan Woods,110330,Tran the man
74759,Justin Milne,97648,Learning to jump
7927,Jan Sharp,75389,Murawina: self help
74451,Anthony Buckley,84178,BeDevil
7252,Trevor Graham,108295,Mabo: the native title revolution
74658,Yoram Gross,82914,Sarah: the seventh match
14064,A.P. Elkin,85103,Australian Aborigines: everything from nature
74759,Justin Milne,86095,Horses
20892,John Duigan,77914,Winter of our dreams
12064,Gil Brealey,73882,To run
84432,ABC,75239,The Dominant male
12677,Arch Nicholson,74244,Urban patterns
12016,David Bairstow,74244,Urban patterns
6514,David Caesar,92155,Shoppingtown. Livingroom
78960,Harry Cooper,88773,Buying and caring for your kitten
12797,Donald Crombie,73800,"Through my eyes: Kilkenny Primary School, South Australia"
43384,Jack Anderson,117874,[John Anderson Home Movies: Reel 27]
12677,Arch Nicholson,71519,The Philippines: the furthest cross
84432,ABC,71519,The Philippines: the furthest cross
43384,Jack Anderson,114461,[John Anderson Home Movies: Reel 22]
20892,John Duigan,119177,[John Robertson Duigan Film Collection: Reel 9]
20795,George Ogilvie,81407,The Shiralee
12170,Suzanne Baker,78501,"Mind, body and spirit"
84432,ABC,65910,A Century or the sack
8745,Nigel Buesst,116563,Carlton + Godard = cinema [DVD]
78983,Cate Blanchett,89409,Bangers. Feeling sexy
8642,Ana Kokkinos,108604,Antamosi
84293,Charles Hayes,117831,[Charles Hayes Home Movies: Reel 3. Moomba 1964] [excerpt]
10241,Rolf De Heer,76155,Tasmania's south west: a wilderness in question
12677,Arch Nicholson,72521,"School's in, Soviet style"
12217,Ivan Gaal,98200,The Age of change
10983,Karl Zwicky,110109,The Bus trip
22480,Bill Bennett,80280,Shipwrecked a True Story
43384,Jack Anderson,117818,[John Anderson Home Movies: Reel 3]
10217,David Stevens,80867,The Clinic
19197,Bob Weis,80867,The Clinic
84432,ABC,81108,The Flooded forest
85170,Ben Abbott,119320,[Remix: Historic Melbourne]
9257,Tony Krawitz,110287,Into the night
9991,Patricia Edgar,70895,A Nice place to be (TEFC)
84432,ABC,78306,The Antipodeans (TEFC)
23162,Antony Ginnane,93971,Snapshot = Day after Halloween = Day before Halloween [DVD]
74658,Yoram Gross,67554,The First animated step
84432,ABC,70918,No chalk talk (TEFC)
82089,Kenneth Rankine,114426,[KenRa Films Present: the Kenneth Rankine Home Movie Collection: Reel 11]
20892,John Duigan,119178,[John Robertson Duigan Film Collection: Reel 10]
12798,Oliver Howes,96264,Australia's north-west
12797,Donald Crombie,96264,Australia's north-west
20892,John Duigan,97109,Metal finishing: New technology of the 70s
17495,Stanley Brogden,89743,RAAF Record. Newsreel No. 02
12785,Howard Hughes,96781,Boomerang
82089,Kenneth Rankine,119292,[KenRa Films Present: the Kenneth Rankine Home Movie Collection: Reel 29]
22064,Elijah Moshinsky,86809,Hansel and Gretel by Engelbert Humperdinck
12064,Gil Brealey,111402,Action stations
10500,Niz Jabour,109437,Greetings From Iraq
7252,Trevor Graham,92994,Sugar Slaves
84297,Tibor Koller,117810,[Tibor Zoltan Koller Home Movies: Reel 10]
84432,ABC,65135,The Australian mallee
10227,George Whaley,79855,Jack Davey
12044,Stanley Hawes,67869,From the tropics to the snow
11966,David Corke,72746,Shed Tears for the River
78137,Margaret Pomeranz,85961,Women in mainstream cinema
12797,Donald Crombie,79072,Playing Beatie Bow
76445,Charles Tingwell,86330,Wilde's domain
84297,Tibor Koller,117807,[Tibor Zoltan Koller Home Movies: Reel 7]
19787,Stephen Wallace,82219,Turtle beach
20017,Matt Carroll,82219,Turtle beach
10025,Joan Long,72035,Rail town
74658,Yoram Gross,116564,[Yoram Gross materials]
6601,John Power,73212,"Stop laughing, this is serious"
10241,Rolf De Heer,95581,The Balanda and the bark canoes
74166,John Armstrong,78882,Dr Plughole
8347,Sue Brooks,78318,Bearings
10241,Rolf De Heer,90467,Epsilon
77777,Domenico Procacci,90467,Epsilon
10994,Pauline Chan,110331,The Space between the door and the floor
20692,Paul Cox,77720,One day at a time: a home movie
12323,R. Maslyn Williams,94122,Mike and Stefani (50th anniversary reissue)
12521,Lee Robinson,118320,Bring out a Briton
12044,Stanley Hawes,118320,Bring out a Briton
11119,Phil Noyce,93443,Rabbit-Proof Fence
10977,Ray Argall,77172,The Models
6514,David Caesar,83483,Not for hire
84432,ABC,83954,Turongs
31350,Mark Waters,94060,The Libby Gleeson video
19979,Mario Andreacchio,77199,An Opera prepares: 'Eugene Onegin'
82089,Kenneth Rankine,114424,[KenRa Films Present: the Kenneth Rankine Home Movie Collection: Reel 9]
12209,Cecil Holmes,69125,The Islanders
74759,Justin Milne,86062,Bridging the gap
12797,Donald Crombie,71614,Plane mates
73126,Julie Gough,106657,Hunting Ground (Haunted) Van Diemen's Land
26720,Council for Aboriginal Reconciliation,86693,3-in-1: the path to reconciliation
9644,Gerard Lee,110400,Passionless moments
7252,Trevor Graham,78247,Red Matildas
12217,Ivan Gaal,97238,Jubilee and beyond
11966,David Corke,68357,Heads
15512,George Dixon,68357,Heads
19152,Maureen McCarthy,81402,Eating your heart out [Captioned]
10227,George Whaley,81337,More Winners : Mr. Edmund (Captioned)
74451,Anthony Buckley,81337,More Winners : Mr. Edmund (Captioned)
12170,Suzanne Baker,71126,One hundred entertainments
23220,Richard Franklin,95624,Roadgames = Road games [DVD] (D)
11966,David Corke,74747,Why wilderness?
84297,Tibor Koller,117811,[Tibor Zoltan Koller Home Movies: Reel 11]
12209,Cecil Holmes,67356,Faces in the sun
76492,Jim Brown,79572,Lawson's Australia
19902,Ann Turner,76756,Puppy Love
20701,Ted Robinson,78207,Half a Chance
82089,Kenneth Rankine,114416,[KenRa Films Present Kenneth Rankine Home Movie Collection: Reel 12. Car Racing] [excerpt]
9925,Tom Jeffrey,84010,The Best of friends
84432,ABC,71040,Ocean pastures
84295,William Darbyshire,117792,[William Darbyshire Home Movies: Reel 7]
74658,Yoram Gross,80080,Dot and the Smugglers
7927,Jan Sharp,69246,Jim Serafim goes to School
19979,Mario Andreacchio,94866,Napoleon (1994) [DVD]
11116,Chris Noonan,91243,Babe [DVD]
75536,Michael Pate,80987,Tim
19877,Peter Butt,82866,Out of darkness
12787,John Gray,76168,The Rigid Heddle Frame
76565,Ian Gilmour,79876,Lola Montez
19395,Barry Pierce,76438,Going bush
8316,Patrick Ryan,86394,Sebastian the fox: the painter
12798,Oliver Howes,83328,A Long night with lethal guests
10241,Rolf De Heer,110430,The Colonel
13461,Roger Sandall,82144,Coniston muster
11966,David Corke,75165,Strange creature: the echidna
9925,Tom Jeffrey,83991,The Odd Angry Shot
22332,Sue Milliken,83991,The Odd Angry Shot
12217,Ivan Gaal,80382,It's not all rubbish
11966,David Corke,75168,The Living forest
17044,Raymond Longford,77697,The Sentimental bloke
20753,Judith MacDougall,82172,Takeover
19382,David MacDougall,82172,Takeover
11119,Phil Noyce,114244,Castor and Pollux: a tale of two spiritual brothers
78765,Deb Cox,114408,Miss Fisher's Murder Mysteries: Costume Designer Marion Boyce
84432,ABC,87235,News digest [No. 4]
84432,ABC,96657,The Human machine
20018,Henri Safran,81139,[Democracy]
8321,Deborah Hoare,79827,Bonza
74451,Anthony Buckley,71646,Platypus: Ornithorhynchus Anatinus
12981,Peter Tammer,66550,The Curse of Laradjongran
31350,Mark Waters,89416,The John Marsden video
10983,Karl Zwicky,83514,The Road worrier
22480,Bill Bennett,83008,Last man hanged
11966,David Corke,86307,Migration: after eighteen months
12044,Stanley Hawes,71278,Outback patrol
12521,Lee Robinson,71278,Outback patrol
12170,Suzanne Baker,79431,So you're getting a divorce
19787,Stephen Wallace,79431,So you're getting a divorce
74759,Justin Milne,76704,Bush corridors
12064,Gil Brealey,88639,Lease of life
12044,Stanley Hawes,64906,Art of age
81072,Khoa Do,94956,The Finished people
86406,Mandy Walker,87514,Worse than Xmas
12981,Peter Tammer,95408,My belle
20437,Dennis O'Rourke,77940,The Hurdle
12016,David Bairstow,72758,Sheltered workshops
12677,Arch Nicholson,74351,Viewpoint on Sydney
8896,Tony Ayres,88065,Sadness: a monologue by William Yang
20018,Henri Safran,89593,Relatives (AFC)
84432,ABC,75710,The Polish National Radio Orchestra. No. 1
85170,Ben Abbott,119302,[Remix: Summer beaches and pools]
84432,ABC,97666,Gallipoli
10241,Rolf De Heer,94949,Alexandra's project
77777,Domenico Procacci,94949,Alexandra's project
12217,Ivan Gaal,77558,Tandberg on page one
13715,Michael Thornhill,75458,Leonard French's stained glass screens [Italian version]
74658,Yoram Gross,80082,Around the World with Dot
12044,Stanley Hawes,74271,The Valley is ours
14931,Martha Ansara,121869,My life as I live it
19109,Igor Auzins,95621,We of the never never [DVD]
12693,John B Murray,95621,We of the never never [DVD]
12170,Suzanne Baker,96526,Vicki
12981,Peter Tammer,92134,Taxithi
12217,Ivan Gaal,78884,No more secrets
74759,Justin Milne,68231,Community College Mt Gambier: growing
84432,ABC,67809,Weekend Magazine: free music
19848,Don McLennan,77796,Fabulous fifties
7927,Jan Sharp,75347,Robin
12064,Gil Brealey,75520,Single file
20498,Roger Scholes,80475,Franklin River blockade
84432,ABC,97031,The Long distance search for the great Australian funny bone. - Edited version
15100,Brian Kavanagh,76763,"Wool: an exhibition of the Art Gallery of South Australia, Adelaide Festival of Arts, 1972"
75814,Art Gallery of South Australia,76763,"Wool: an exhibition of the Art Gallery of South Australia, Adelaide Festival of Arts, 1972"
19877,Peter Butt,86669,The Liners
12787,John Gray,75582,Simple looms. Part 1
19787,Stephen Wallace,79877,Gordon Bennett
19966,Jane Scott,76774,The Dangerous summer
78526,Robert Helpmann,87405,Don Quixote [Nureyev]
29401,Rudolf Nureyev,87405,Don Quixote [Nureyev]
6514,David Caesar,80768,Bodywork
84432,ABC,65025,At the edge of the salt plain
21714,Michael Carson,79167,Mail Order Bride (Captioned)
19787,Stephen Wallace,79167,Mail Order Bride (Captioned)
33323,Jamie Blanks,92095,Silent Number
12798,Oliver Howes,76976,The Career escalator
12064,Gil Brealey,76976,The Career escalator
12677,Arch Nicholson,65708,By-pass
31901,Clara Law,94506,The Goddess of 1967 [DVD]
11966,David Corke,77296,The Desert hopping mouse
8345,Emma-Kate Croghan,86576,Love and other catastrophes
12897,Frank L. Few,85943,Boomerang
84432,ABC,85943,Boomerang
84432,ABC,97780,Khmer! Khmer!: Cambodia in conflict (D)
8347,Sue Brooks,85387,Land of the long weekend
11198,Rowan Woods,87271,The Boys
84299,Dorothy Nixon,119164,[Nixon Family Home Movies: Reel 4]
84298,Les Nixon,119164,[Nixon Family Home Movies: Reel 4]
75005,Chips Rafferty,71763,Power with precision
11119,Phil Noyce,75343,Greg
11187,Samantha Lang,87536,Out
12323,R. Maslyn Williams,73226,Story of a city
20692,Paul Cox,86174,Done Bali
12693,John B Murray,78369,A Personal history of the Australian surf: being the confessions of a straight poofter
21276,Michael Blakemore,78369,A Personal history of the Australian surf: being the confessions of a straight poofter
43384,Jack Anderson,117855,[John Anderson Home Movies: Reel 12]
7344,James Clayden,108325,The Hour before my brother dies
7345,Daniel Keene,108325,The Hour before my brother dies
84432,ABC,115333,The Nargun and the stars
31901,Clara Law,90046,Floating life = Fu Sheng [Widescreen]
76210,Jack Egan,81166,Bradman
12677,Arch Nicholson,81003,Fortress
76787,Raymond Menmuir,81003,Fortress
19877,Peter Butt,79602,"My Father, My Country"
21714,Michael Carson,79637,Errol Flynn
43384,Jack Anderson,117875,[John Anderson Home Movies: Reel 28]
12797,Donald Crombie,68721,I need more staff
76405,G Conway,79213,The Fire in the Stone
20498,Roger Scholes,79276,The Tale of Ruby Rose
10761,Ben Hackworth,92830,Martin four
8347,Sue Brooks,78686,High heels
12170,Suzanne Baker,77389,Under the one roof
78137,Margaret Pomeranz,85962,Racial stereotyping
23364,Graeme Clifford,81113,Burke and Wills
13884,John Sexton,81113,Burke and Wills
12217,Ivan Gaal,74077,Tullamarine: Melbourne airport
20701,Ted Robinson,79727,Thanks for the memory (Captioned)
19848,Don McLennan,98125,On the road with Circus Oz
6514,David Caesar,108558,Freely given
21203,Ben Lewin,81349,The Migrant experience. Parts 1 and 2 (Captioned)
8024,Anthony Lucas,88374,Slim pickings
82089,Kenneth Rankine,114434,[KenRa Films Present: the Kenneth Rankine Home Movie Collection: Reel 19]
6829,Cate Shortland,90526,Pentuphouse
12787,John Gray,69059,Introduction to Papua New Guinea
11116,Chris Noonan,114248,Love at first sight
12797,Donald Crombie,67306,Explosives: the two metre lifeline
12170,Suzanne Baker,79433,Ageing in the new age compilation
7252,Trevor Graham,85249,Moving out
84432,ABC,96001,Report from Queensland. No. 2. The Herds move in
10977,Ray Argall,78613,Pop movie. Part 2
84432,ABC,95916,Vision in mathematics: relations
75800,Paul Goldman,76680,Dragon
9394,Helen Grace,78431,Serious undertakings
76358,Pamela Williams,80141,Dad's Girl/Common Ground
8745,Nigel Buesst,67887,Fun radio!
84432,ABC,97817,Mutton and gold
82089,Kenneth Rankine,114441,[KenRa Films Present: the Kenneth Rankine Home Movie Collection: Reel 32]
22480,Bill Bennett,98427,Cattle king
19844,Scott Hicks,85550,Shine
19966,Jane Scott,85550,Shine
12798,Oliver Howes,82743,Pacific paradise?
20701,Ted Robinson,80088,Wipe Out the Jargon
13715,Michael Thornhill,66002,Cheryl and Kevin
14079,Noel Monkman,66410,Coral kingdom
84281,Blue Mountains Grammar School,117695,A Wilted Flower
20892,John Duigan,119180,[John Robertson Duigan Film Collection: Reel 12]
12897,Frank L. Few,65231,Bark canoe
84432,ABC,65231,Bark canoe
84432,ABC,82643,"Mind the healer, mind the slayer"
12044,Stanley Hawes,69085,The Invisible link
23162,Antony Ginnane,95107,Snapshot = Day after Halloween = Day before Halloween  [DVD]
12170,Suzanne Baker,76260,Health centres: the Canberra concept
13884,John Sexton,76260,Health centres: the Canberra concept
84852,Val Jellay,118253,[Maurie Fields and Val Jellay Home Movies: Reel 17]
84432,ABC,71696,[Polly Woodside mast]
10977,Ray Argall,78889,Aids: not adults only
9735,Ray Lawrence,93631,Lantana
10241,Rolf De Heer,92087,Gary's story
23220,Richard Franklin,93963,Patrick [DVD]
23162,Antony Ginnane,93963,Patrick [DVD]
20692,Paul Cox,84338,The Kingdom of Nek Chand
84432,ABC,97819,Modernism
12981,Peter Tammer,87513,Cry
21491,Rosa Colosimo,98359,Famiglia Martini
12209,Cecil Holmes,75912,The Goddess and the moon man
12217,Ivan Gaal,97619,Celebrations
12798,Oliver Howes,82175,On Sacred Ground
12789,Rhonda Small,74440,Wagga Wagga
12217,Ivan Gaal,98891,Indonesian cuisine
20018,Henri Safran,80980,The Wild Duck
12044,Stanley Hawes,86310,Namatjira the painter
74313,John Lamond,65456,Birth of a monster
20431,Chris Owen,77449,Gogodala: a cultural revival
12064,Gil Brealey,75292,The Gallery
21288,Michael Sporn,84126,Doctor De Soto and 5 other funny stories
13576,Morton Schindel,84126,Doctor De Soto and 5 other funny stories
78617,T.O. McCreadie,87693,Into the straight
83699,John Hansen,116952,The Traveller
12787,John Gray,74724,The Whole man
21203,Ben Lewin,81966,Are you fair dinkum?
13379,Frank Hurley,69994,The Magic of electricity
74451,Anthony Buckley,80408,The Last horizon
7344,James Clayden,94720,With time to kill
12789,Rhonda Small,65145,Australian weekend
20017,Matt Carroll,81020,Freedom: grab it while you can
19844,Scott Hicks,81020,Freedom: grab it while you can
29725,Scott R. Dunlap,87696,The Romance of Runnibede
19395,Barry Pierce,77747,What if your town....?
19152,Maureen McCarthy,78148,Eating your heart out [Edited version]
20692,Paul Cox,84797,Island
12209,Cecil Holmes,79676,Bitter Rice
12209,Cecil Holmes,96638,A Selection interview. - 2nd ed.
16607,Catherine Duncan,95674,Journey of a Nation
72729,Martin Walch,109408,OverDrawn
43384,Jack Anderson,114464,[John Anderson Home Movies: Reel 25]
12981,Peter Tammer,77278,Journey to the end of night
14827,Ron Iddon,97049,Be it ever so humble
84432,ABC,97049,Be it ever so humble
23238,Colin Eggleston,81004,Sky Pirates
76028,Michael Hirsh,81004,Sky Pirates
74313,John Lamond,81004,Sky Pirates
76358,Pamela Williams,78804,Mum How Do You Spell Gorbatrof?
21440,Esben Storm,80976,Stanley: Every Home Should Have One
12798,Oliver Howes,76987,A Working couple
12064,Gil Brealey,76987,A Working couple
79731,Steve Jacobs,92220,The Man you know
84432,ABC,72110,Reedy river
12016,David Bairstow,69339,Kangaroos. Part 1. Biography [Greek version]
12171,Beatrice Faust,64590,The Afternoon house
12521,Lee Robinson,66896,Double trouble
8775,Christos Tsiolkas,114158,North
20897,Peter Maxwell,86068,Platypus cove
7252,Trevor Graham,85892,Mabo: The Life of an Island Man
74451,Anthony Buckley,74650,Whatever happened to Green Valley?
78831,Scott Patterson,88226,Lessons in the language of love
6514,David Caesar,86494,Idiot box
20795,George Ogilvie,81038,Mad Max: beyond thunderdome
12981,Peter Tammer,69098,Iron lace
12798,Oliver Howes,80307,Let the balloon go (Captioned)
43384,Jack Anderson,114454,[John Anderson Home Movies: Reel 15]
12323,R. Maslyn Williams,64690,Along the Sepik
12044,Stanley Hawes,64690,Along the Sepik
11187,Samantha Lang,87509,Audacious [Widescreen]
14827,Ron Iddon,81628,Steve
19395,Barry Pierce,76442,Lie of the land
19877,Peter Butt,82265,Our darkest hour
9991,Patricia Edgar,68147,Got at (TEFC)
84432,ABC,74360,News digest [No. 11]
15512,George Dixon,86795,Step by step [B&W]
84299,Dorothy Nixon,117825,[Nixon Family Home Movies: Reel 6]
84298,Les Nixon,117825,[Nixon Family Home Movies: Reel 6]
21491,Rosa Colosimo,94721,Blowing hot and cold
84432,ABC,95930,Vision in mathematics: motion geometry
74451,Anthony Buckley,74418,A Voice to be heard
19197,Bob Weis,75639,John Davis
84295,William Darbyshire,117791,[William Darbyshire Home Movies: Reel 6]
14794,Stuart Glover,71997,A Question of attitude
84299,Dorothy Nixon,119161,[Nixon Family Home Movie Collection]
84298,Les Nixon,119161,[Nixon Family Home Movie Collection]
12217,Ivan Gaal,78160,Ibrahim
19620,Solrun Hoaas,76681,Effacement
84432,ABC,71175,The Opening: National Gallery of Victoria
84432,ABC,74353,News digest [No. 2]
7927,Jan Sharp,75336,Wendy
12984,Ken Cameron,98919,Fast talking
12044,Stanley Hawes,70738,Namatjira the painter. - Rev. ed.
13073,John Edwards,70898,Night driving
20892,John Duigan,119169,[John Robertson Duigan Collection]
23255,John Cornell,83941,Crocodile Dundee II. (Captioned)
19966,Jane Scott,83941,Crocodile Dundee II. (Captioned)
10975,Mark Lewis,110334,Death of television
19877,Peter Butt,82267,The Long war
12789,Rhonda Small,71629,Plant quarantine at work
12693,John B Murray,74993,Yoga and the individual
23160,Maxwell-Pellatt,80960,Touch and go
20897,Peter Maxwell,80960,Touch and go
12170,Suzanne Baker,77277,Get with I.T. the information technology challenge
31350,Mark Waters,89414,The Emily Rodda video
11966,David Corke,82149,Inganarr the giant serpent
19620,Solrun Hoaas,91076,Pyongyang diaries
19395,Barry Pierce,76449,Points for survival
77687,Stanley O'Toole,84680,Quigley
19848,Don McLennan,80720,Hard knocks
19877,Peter Butt,88402,Lies spies and Olympics
12798,Oliver Howes,71423,Pearls in the north [Italian version]
84295,William Darbyshire,117794,[William Darbyshire Home Movies: Reel 9]
74451,Anthony Buckley,87692,"Snow, sand and savages: the life of Frank Hurley"
12677,Arch Nicholson,74676,Where are we heading
12064,Gil Brealey,74676,Where are we heading
15528,Bruce Petty,75114,Australian history
12064,Gil Brealey,95665,Burwood Teachers' College
12797,Donald Crombie,71361,Parent teacher interviews
12677,Arch Nicholson,72882,Skidding
82089,Kenneth Rankine,119291,Patsy Comes To Stay
10975,Mark Lewis,94350,Cane toads: an unnatural history. The Natural history of the chicken [DVD]
84432,ABC,98041,Brush with royalty
17495,Stanley Brogden,88308,Operation Bala Lagin
84296,Len Moncur,117799,[Len Moncur Home Movies: Reel 5]
74142,Bill Mason,68497,History of the motor car. Part 2. The Veterans
8316,Patrick Ryan,65679,Sebastian the fox: the burglar
20018,Henri Safran,80955,Norman Loves Rose
84432,ABC,97820,Wood ducks and tyre-kickers
15007,Ken Hannam,80779,Break of day
12677,Arch Nicholson,75976,The Russians
20892,John Duigan,95623,Dimboola [DVD]
20701,Ted Robinson,98686,Career package
13073,John Edwards,69390,Killer on the move
12217,Ivan Gaal,115397,Case studies in effective schooling
20892,John Duigan,80953,One night stand
84297,Tibor Koller,117813,[Tibor Zoltan Koller Home Movies: Reel 13]
19197,Bob Weis,114609,Women of the sun
81376,Katherine Thomson,95584,Unfolding Florence: the many lives of Florence Broadhurst
9991,Patricia Edgar,115328,Lift off
13900,Bruce Beresford,79916,Puberty Blues
10025,Joan Long,79916,Puberty Blues
20892,John Duigan,119172,[John Robertson Duigan Film Collection: Reel 4]
11119,Phil Noyce,87507,Caravan park
10066,Ken G. Hall,84536,On our selection
26453,Bert Bailey,84536,On our selection
7927,Jan Sharp,75385,Kemal: a Turkish boy
21440,Esben Storm,94190,In search of Anna
79598,Simon Target,91602,Passing out
17044,Raymond Longford,95483,The Romantic story of Margaret Catchpole
19197,Bob Weis,99306,Raoul Wallenberg: between the lines [Edited version]
11187,Samantha Lang,110529,Gods Bones
74658,Yoram Gross,85379,Dot in space
85085,Orwell Michaelis,119206,[Orwell Michaelis Home Movies: Reel 1]
21203,Ben Lewin,81336,The Migrant experience. Parts 3 and 4 (Captioned)
12648,John Taylor,78324,"The Huge adventures of Trevor, a cat (K)"
9991,Patricia Edgar,69158,It's just something kids do (TEFC)
10227,George Whaley,85362,Dad and Dave: on our selection
74451,Anthony Buckley,85362,Dad and Dave: on our selection
27090,ICON,85362,Dad and Dave: on our selection
20437,Dennis O'Rourke,78242,Couldn't be fairer
76582,Gus Mercurio,87137,The Backbone of life
74166,John Armstrong,85602,Rhino christmas
75229,Frank Thring,79949,Efftee's Australia
20498,Roger Scholes,87447,The Coolbaroo club
20437,Dennis O'Rourke,84235,Papua New Guinea: people in change: a social studies resource kit
10025,Joan Long,93206,Emerald city [DVD]
12044,Stanley Hawes,90655,Bee-keeping on the move
21491,Rosa Colosimo,78702,The Still Point
20692,Paul Cox,80233,Illuminations
34567,Leon Thau,92861,Save the lady
19395,Barry Pierce,92861,Save the lady
8345,Emma-Kate Croghan,86145,Desire
11028,Armagan Ballantyne,110148,Triple word score
43384,Jack Anderson,117832,[John Anderson Home Movies: Reel 4 and Reel 5] [excerpts]
14827,Ron Iddon,81808,George
23211,James Gilbert,80986,Sunstruck
20437,Dennis O'Rourke,78664,Half life
20017,Matt Carroll,79360,Breaker Morant
19620,Solrun Hoaas,78479,Sacred vandals
12323,R. Maslyn Williams,68113,Goldtown
11116,Chris Noonan,74857,Woodbridge District School (TEFC)
12521,Lee Robinson,70003,The Magnetic north
8745,Nigel Buesst,108664,Come out fighting
84432,ABC,115315,Healers quacks or mystics
10066,Ken G. Hall,97967,Tall timbers
27828,Debra Choate,88850,The Castle (Captioned)
20692,Paul Cox,84798,Ritual
79463,Franciscus Henri,90972,Mister Whiskers: my favourite nursery rhymes
19902,Ann Turner,76684,Flesh on glass
12521,Lee Robinson,115533,Australia today
21440,Esben Storm,80025,27 A
20017,Matt Carroll,80808,The Club
76438,David Williamson,80808,The Club
84432,ABC,95926,Vision in mathematics: linear programming
84432,ABC,83956,Simon
84432,ABC,97449,Peach's Australia : Hahndorf
84432,ABC,111355,Aborigines in the Alice
7927,Jan Sharp,75329,Jenny
9644,Gerard Lee,86582,All men are liars
14794,Stuart Glover,87771,A Place to live
19877,Peter Butt,81114,The Power of Water
12787,John Gray,75529,Inkle looms
84293,Charles Hayes,117750,[Charles Hayes Home Movies: Reel 6]
6775,Ross Gibson,86148,Dead to the world
19787,Stephen Wallace,81419,Stir
12016,David Bairstow,66713,Desert landforms
6571,Daniel Crooks,109858,Daniel Crooks documentation of recent work 31-01-04
10066,Ken G. Hall,87695,Smithy
84296,Len Moncur,119154,[Len Moncur Home Movie Collection]
12677,Arch Nicholson,64955,"Hong Kong, Singapore: fragrant harbour, lion city"
84432,ABC,64955,"Hong Kong, Singapore: fragrant harbour, lion city"
12521,Lee Robinson,65689,Bush policemen
12044,Stanley Hawes,65689,Bush policemen
12521,Lee Robinson,86327,Attack Force Z
84295,William Darbyshire,117789,[William Darbyshire Home Movies: Reel 4]
82089,Kenneth Rankine,114421,[KenRa Films Present: the Kenneth Rankine Home Movie Collection: Reel 6]
84432,ABC,76033,Weekend Magazine: William Strutt
12897,Frank L. Few,82243,Trading
84432,ABC,82243,Trading
8745,Nigel Buesst,69182,Jacka V.C.: a film by Nigel Buesst and Ross Cooper
74905,Ross Cooper,69182,Jacka V.C.: a film by Nigel Buesst and Ross Cooper
13073,John Edwards,72135,Remembering it all
12797,Donald Crombie,80724,Cathy's Child
84432,ABC,66815,Grass
10994,Pauline Chan,110122,Dusty hearts
23173,Ross Dimsey,83139,Kangaroo
20692,Paul Cox,86160,Matuta: an early morning fantasy
11116,Chris Noonan,75351,Bijan
8679,Rosemary Hesp,114246,Relative strangers
6475,Ray Harryhausen,107972,Seminar with Ray Harryhausen
22147,David Greig,98555,The Melbourne Concert Hall
12217,Ivan Gaal,99176,'Riff Raff the re-mix'
19620,Solrun Hoaas,76693,There's nothing that doesn't take time
19197,Bob Weis,92023,Angst
19877,Peter Butt,95585,Who killed Dr Bogle and Mrs Chandler?
86256,Australian Open,119827,Evonne Goolagong Cawley crowns Ash Barty Australian Open champion
74658,Yoram Gross,84004,The Camel boy
12787,John Gray,65143,Australian war memorial
76210,Jack Egan,81790,Bradman (Captioned)
6571,Daniel Crooks,92086,Food (for) thought
20498,Roger Scholes,99395,The Valley
75607,Peter James,80388,Champions of the Australian Turf
19979,Mario Andreacchio,81720,Al fresco
19979,Mario Andreacchio,81370,More Winners : Second Childhood (Captioned)
12044,Stanley Hawes,71983,The Queen in Australia
20692,Paul Cox,84335,Golden braid
21259,George Gittoes,82174,Tracks of the rainbow
7252,Trevor Graham,89800,Tosca: A Tale of love and torture
12170,Suzanne Baker,68584,How about a break; You can do it
12064,Gil Brealey,75146,Bullocky
84852,Val Jellay,118256,[Maurie Fields and Val Jellay Home Movies: Reel 20]
8316,Patrick Ryan,66578,The Dance of the angels: ceramic sculptures of John Perceval
77502,Posie Graeme-Evans,84532,The Miraculous Mellops 2. Part 5
10983,Karl Zwicky,84532,The Miraculous Mellops 2. Part 5
84432,ABC,82641,Something happened
84432,ABC,70680,Peach's Australia : Murray Riverboats
22147,David Greig,117279,On the Line
19877,Peter Butt,115262,When the war came to Australia
8316,Patrick Ryan,85477,The Antipodean painters : seven contemporary Australian
43384,Jack Anderson,114459,[John Anderson Home Movies: Reel 20]
8330,Shirley Barrett,114272,Cherith
12897,Frank L. Few,72756,Shellfish gathering
84432,ABC,72756,Shellfish gathering
76127,Bryan Brown,85924,Dead heart
82089,Kenneth Rankine,114443,[KenRa Films Present: the Kenneth Rankine Home Movie Collection: Reel 34]
8316,Patrick Ryan,65475,The Black man and his bride
82089,Kenneth Rankine,119636,KenRa Films Presents: Join the Vic. Sporting Car Club Now
12170,Suzanne Baker,78498,Something for everyone
19902,Ann Turner,85012,Hammers over the anvil
84299,Dorothy Nixon,119166,[Nixon Family Home Movies: Reel 7]
84298,Les Nixon,119166,[Nixon Family Home Movies: Reel 7]
28531,Jerzy Domaradzki,86472,Lilian's story [Widescreen]
82089,Kenneth Rankine,114438,[KenRa Films Present: the Kenneth Rankine Home Movie Collection: Reel 25]
37255,Dean Murphy,95162,Muggers
81924,Andrew Gregory,114241,Birthday boy
12064,Gil Brealey,73203,Stirring the pool
11116,Chris Noonan,75355,Puppeteer
21259,George Gittoes,82368,The Bullets of the poets
84432,ABC,95461,Seeing is believing
12217,Ivan Gaal,97126,Soft soap
20892,John Duigan,119173,[John Robertson Duigan Film Collection: Reel 5]
10025,Joan Long,80494,Silver City
84432,ABC,74352,News digest [No. 1]
20692,Paul Cox,95194,The Diaries of Vaslav Nijinsky
11966,David Corke,82150,Why the emu cannot fly
10217,David Stevens,80022,Undercover
12521,Lee Robinson,95770,The Power makers
20892,John Duigan,80693,The Firm Man
78193,Rod Kinnear,96140,The Minemaker
84278,St Anthony's Primary School,117691,Amazing Mums
6829,Cate Shortland,108403,Joy
23206,Peter Collinson,80985,The Earthling
21879,Samuel Z Arkoff,80985,The Earthling
15982,Ralph Smart,95732,Bush Christmas
8024,Anthony Lucas,92149,Shadowland
19197,Bob Weis,92058,Kosky in paradise
84432,ABC,95924,Area theorems
8392,Robert Luketic,108600,Titsiana Booberini
11116,Chris Noonan,75600,Stepping out: the birth of a theatre of the mentally handicapped
12785,Howard Hughes,82157,Preparing for the corroboree
12217,Ivan Gaal,95551,Grey paddle power
15100,Brian Kavanagh,80698,A City's child
22480,Bill Bennett,83878,A Street to die (AFC)
28356,Peter Sharp,86328,Smuggler's Cove
76210,Jack Egan,79698,Cricket in Australia (Captioned)
84432,ABC,65900,The Centenary test
83469,Peter Isaacson,116665,An Interview with Wing Commander Peter Isaacson : Chairman of the Shrine of Remembrance Trustees (1983-2000)
18809,Ron Taylor,98007,Meet Matthew McManus
84432,ABC,75264,Ladakh: little Tibet
11966,David Corke,111354,Aboriginal legends. No. 3
9394,Helen Grace,109400,Ost offic
19979,Mario Andreacchio,76805,Restoring the past
12677,Arch Nicholson,71691,Politics: Soviet style
22078,Harvey Broadbent,79624,Gallipoli the Fatal Shore
8775,Christos Tsiolkas,108682,Saturn's return
76358,Pamela Williams,80144,In Loving Memory. Alice
12984,Ken Cameron,80769,The Umbrella Woman
7927,Jan Sharp,80769,The Umbrella Woman
22820,Michael Nolin,80769,The Umbrella Woman
12170,Suzanne Baker,69202,Jane
22665,Mark Joffe,81379,More Winners : Boy Soldiers (Captioned)
9925,Tom Jeffrey,80725,Weekend of Shadows
20017,Matt Carroll,80725,Weekend of Shadows
13073,John Edwards,66413,Cornering and overtaking
12521,Lee Robinson,118309,Switch on Bigga
12044,Stanley Hawes,118309,Switch on Bigga
43384,Jack Anderson,99990,[John Anderson Home Movies: Reel 30]
6601,John Power,83377,Father
12217,Ivan Gaal,97344,Getting the message
12798,Oliver Howes,65151,Australia's North West (Italian Version)
12797,Donald Crombie,65151,Australia's North West (Italian Version)
84852,Val Jellay,118255,[Maurie Fields and Val Jellay Home Movies: Reel 19]
12323,R. Maslyn Williams,69734,The Lighthouse keeper
12569,Eric Porter,87697,A Son is born
29726,Eric Porter Studios,87697,A Son is born
12064,Gil Brealey,68154,Grampians wonderland
84432,ABC,83957,Nyols
84297,Tibor Koller,117806,[Tibor Zoltan Koller Home Movies: Reel 6]
10225,Jackie McKimmie,79274,Australian dream
20692,Paul Cox,79278,Handle with Care
10975,Mark Lewis,79251,Cane toads: an unnatural history
20437,Dennis O'Rourke,95577,Land mines: a love story
12787,John Gray,90829,Balloons and spinifex
84432,ABC,96696,Receding wetlands
82089,Kenneth Rankine,114419,[KenRa Films Present: the Kenneth Rankine Home Movie Collection: Reel 3]
22990,David Hannay,84546,Gross misconduct
19844,Scott Hicks,97747,Women artists of Australia. Part 1. Sense and sensibility
75814,Art Gallery of South Australia,97747,Women artists of Australia. Part 1. Sense and sensibility
74759,Justin Milne,75726,Treating people as people
12064,Gil Brealey,67763,Four in every thousand
19109,Igor Auzins,75400,The Big backyard: the outback of South Australia
9991,Patricia Edgar,94020,Songs of innocence: a child's view of family life
22665,Mark Joffe,86401,Cosi
76332,Karen Hughes,78691,Pitjiri: the snake that will not sink
23220,Richard Franklin,84011,Patrick
23162,Antony Ginnane,84011,Patrick
13715,Michael Thornhill,80016,Between wars
84432,ABC,74508,The Water miners
19883,Albie Thoms,115646,Ubu Films: 1965-1970
12064,Gil Brealey,75163,Where dead men lie
19018,Henry Lawson,75163,Where dead men lie
14794,Stuart Glover,71603,A Place to live [Greek version]
84190,Ian Potter Cultural Trust,117451,Angelica Mesiti: The Calling interview
19877,Peter Butt,85622,Sheep's back
9991,Patricia Edgar,67224,ERA : the Educational Reform Association School (TEFC)
10025,Joan Long,94351,Puberty blues [DVD]
12064,Gil Brealey,74126,Two trumpets for St Andrew
7173,Paul Fenech,79613,Guitar Made Easy
19844,Scott Hicks,76806,No going back
82089,Kenneth Rankine,114428,[KenRa Films Present: the Kenneth Rankine Home Movie Collection: Reel 13]
19382,David MacDougall,82173,Familiar places
15193,Roger Mirams,67881,Full ahead
30349,Kimble Rendall,88245,Counting the beat
7072,Richard Frankland,92695,Makin pitchas
12064,Gil Brealey,86955,A Queen who returned [B/W]
14827,Ron Iddon,83479,Guido
79922,Jonathan Teplitzky,92668,Better than sex [DVD]
12798,Oliver Howes,73792,Three To Go: Toula
12064,Gil Brealey,73792,Three To Go: Toula
74166,John Armstrong,78637,Looking for spacethings
74451,Anthony Buckley,80440,Into the deep freeze
84295,William Darbyshire,119189,[William Darbyshire Home Movie Collection]
19620,Solrun Hoaas,97636,At 'Edge' with Judith Wright
12749,Australian War Memorial,73012,Sons of the Anzacs 1939-1945
20437,Dennis O'Rourke,77942,New Caledonia: a land in search of itself
12798,Oliver Howes,77942,New Caledonia: a land in search of itself
12016,David Bairstow,70085,Man in the desert
13888,John Schlesinger,93741,The Falcon and the snowman
79066,Gabriel Katzka,93741,The Falcon and the snowman
12749,Australian War Memorial,65062,Australia at War 1914-1918: an Account of the Australian Force in the Great War
19848,Don McLennan,76603,"Find out, talk about"
79598,Simon Target,91604,Everyone's full bottle now
12855,John Phillips,91962,Woodsman
15007,Ken Hannam,79356,Sunday Too Far Away
20017,Matt Carroll,79356,Sunday Too Far Away
12064,Gil Brealey,79356,Sunday Too Far Away
21924,Michael Powell,79412,They're a weird mob
84432,ABC,82638,The Hidden potential
12217,Ivan Gaal,98931,Keeping animals in the classroom
19197,Bob Weis,75591,John Lethbridge
81190,Frank Howson,95106,Hunting
84177,Shaun Tan,117422,The Lost Thing
20701,Ted Robinson,79006,The Will to Win
11712,Alexander Stitt,111040,Film film: Lending
43384,Jack Anderson,99995,[John Anderson Home Movies: Reel 35]
74235,Dean Semler,72485,Saturday
12170,Suzanne Baker,72485,Saturday
8024,Anthony Lucas,79012,Far out kids animation
20701,Ted Robinson,80090,Thanks for the memory
19109,Igor Auzins,75427,Upstream downstream
81914,Guan Wei,114190,Paper War
17648,James Ricketson,83788,Blackfellas
82089,Kenneth Rankine,114445,[KenRa Films Present: the Kenneth Rankine Home Movie Collection: Reel 37]
20437,Dennis O'Rourke,82370,The Good woman of Bangkok
17044,Raymond Longford,86518,The Woman Suffers
7927,Jan Sharp,73756,The Thompsons: migrating to the city
74759,Justin Milne,76460,Time to share
86082,John Brookes,119748,[Brookes Family Home Movies: Reel 8]
7344,James Clayden,94485,The Ghost paintings
11966,David Corke,65349,Benedictus
22480,Bill Bennett,85385,Spider & Rose = Spider and Rose
12785,Howard Hughes,92206,Australian environment: South West Australia
21063,Charles Cozens Spencer,78136,Marvellous Melbourne
23255,John Cornell,81369,Crocodile Dundee (Captioned)
12785,Howard Hughes,82139,Dugong! Dugong!
8670,Tim Reid,67295,"Exploration 1770, reviewed 1970"
12064,Gil Brealey,79709,Annie's Coming Out (Captioned)
84432,ABC,111369,Above the gorge
12209,Cecil Holmes,79120,Return to the dreaming (Captioned)
76492,Jim Brown,80640,Lawson's Australia (Captioned)
22147,David Greig,97465,Circus
28531,Jerzy Domaradzki,93745,Struck by lightning
75968,Robin Anderson,92732,Facing the music
19049,Bob Connolly,92732,Facing the music
11966,David Corke,73991,Transport today
84432,ABC,97818,The Fat young nymphs
85085,Orwell Michaelis,119209,[Orwell Michaelis Home Movies: Reel 4]
74759,Justin Milne,97470,Forest dream
84432,ABC,65382,Beyond the dune
84432,ABC,96316,Children of the high rise
6829,Cate Shortland,114250,Joy
12209,Cecil Holmes,66561,Cyclone approaching
12217,Ivan Gaal,99051,The Teaching Ambassadors: International Teaching Fellowships
74658,Yoram Gross,119721,Dot and Keeto
12981,Peter Tammer,118210,A Woman of our time
12897,Frank L. Few,68683,Hunting a kangaroo
84432,ABC,68683,Hunting a kangaroo
76774,Sandy Harbutt,80982,Stone
76455,Gary Hannam,79411,The Navigator: A Medieval Odyssey
7121,Ian Haig,109880,Ecto plasmic baby fat provider
18004,Joris Ivens,97460,Indonesia calling
16607,Catherine Duncan,97460,Indonesia calling
12787,John Gray,75530,Frame looms
18046,John O'Shea,95986,Margin for life: Macquarie Island
12749,Australian War Memorial,94042,Beyond the 38th parallel: Australians in the Korean War 1950-1953
12797,Donald Crombie,76293,It's so easy
20796,Carl Schultz,80721,"Careful, he might hear you"
84432,ABC,71575,Pintubi
15007,Ken Hannam,92452,Sunday Too Far Away [DVD]
20017,Matt Carroll,92452,Sunday Too Far Away [DVD]
12064,Gil Brealey,92452,Sunday Too Far Away [DVD]
11966,David Corke,73375,Sunset country
11116,Chris Noonan,75358,Swami Shyam
12648,John Taylor,78622,The Huge Adventures of Trevor a Cat/Foxbat and the Mimi
7927,Jan Sharp,98442,Drink-driving education
10241,Rolf De Heer,95190,The Tracker [DVD]
10241,Rolf De Heer,90468,Dance me to my song
77777,Domenico Procacci,90468,Dance me to my song
17648,James Ricketson,76558,Every day a challenge
12798,Oliver Howes,66094,Chorus and principals on stage please: the making of Lakme
13884,John Sexton,71711,Portrait of a gallery
84295,William Darbyshire,117788,[William Darbyshire Home Movies: Reel 3]
83469,Peter Isaacson,116664,An Interview with Peter Isaacson : pathfinder
77567,David Munro,84122,Death of a nation: the Timor conspiracy
20796,Carl Schultz,79212,Blue fin
32731,Paul Currie,91153,Lionheart [the Jesse Martin story] [Widescreen]
84432,ABC,71055,Offspring of isolation
19620,Solrun Hoaas,76290,In search of the Japanese
8316,Patrick Ryan,72489,The Sausages
11712,Alexander Stitt,99915,"Abra Cadabra
(1983)
Clips from film"
23159,Yahoo Serious,80959,Young Einstein
76768,David Roach,80959,Young Einstein
7927,Jan Sharp,114899,Our multicultural society
19848,Don McLennan,81005,"Slate, Wyn and Me"
8679,Rosemary Hesp,87249,Relative strangers
12785,Howard Hughes,65479,The Black swan
9260,Shaun Gladwell,109399,Fountain
11119,Phil Noyce,73346,Sue and Mario: the Italian Australians
7927,Jan Sharp,73346,Sue and Mario: the Italian Australians
11966,David Corke,65321,Begonia festival
20892,John Duigan,119174,[John Robertson Duigan Film Collection: Reel 6]
19844,Scott Hicks,77860,One Last Chance
20701,Ted Robinson,79007,Write Your Own Ticket
22480,Bill Bennett,80687,Malpractice
13073,John Edwards,70643,"Moving off on hills, reversing and parking"
74658,Yoram Gross,71306,Pace
20437,Dennis O'Rourke,77939,Marathon
13029,Alan Burke,65330,Wm Bligh
84432,ABC,65330,Wm Bligh
20018,Henri Safran,79856,Private John Simpson
20692,Paul Cox,86161,Skindeep
19156,Geoff Burrowes,75504,High country
6514,David Caesar,87446,Greenkeeping
22147,David Greig,80447,Wild about wilderness
11966,David Corke,97567,Landscape sculptures
21063,Charles Cozens Spencer,118308,"[VFL Grand Final, 1909: South Melbourne vs Carlton]"
12217,Ivan Gaal,99148,What about me?: young people and local government
71263,The Limelight Department,100580,The Blind Man of Siloam lantern slides
84432,ABC,78304,Charm school
11277,Di Drew,110404,Tread softly
10241,Rolf De Heer,110404,Tread softly
84432,ABC,96935,A Painting for people
20897,Peter Maxwell,79098,Mystery at Castle House (Captioned)
84432,ABC,96697,To keep the faith
12217,Ivan Gaal,78168,Children with special abilities
12217,Ivan Gaal,99048,Trends in children's books
8347,Sue Brooks,87063,Road to Nhill
7252,Trevor Graham,79642,Dancing in the moonlight
86082,John Brookes,119735,[Brookes Family Home Movies: Reel 4]
23159,Yahoo Serious,82937,Young Einstein (Captioned)
76768,David Roach,82937,Young Einstein (Captioned)
12209,Cecil Holmes,64623,An Airman remembers: recollections by Sir Gordon Taylor
84432,ABC,64623,An Airman remembers: recollections by Sir Gordon Taylor
8347,Sue Brooks,94855,Japanese Story
22147,David Greig,117277,Return
8316,Patrick Ryan,69583,The Legend of Byamee
8745,Nigel Buesst,78443,Jazz scrapbook
19395,Barry Pierce,97643,The ABC of unions
12064,Gil Brealey,96107,Case of the hidden factor
12217,Ivan Gaal,99101,Changing Times - Changing Schools: Establishing Victorian Secondary Colleges
22246,Franklyn Barrett,79853,A Girl of the bush
8316,Patrick Ryan,66166,The Classroom
12787,John Gray,98817,Bicycle stall in Malaysia
11119,Phil Noyce,81014,Dead calm
15512,George Dixon,86796,Step by step
8316,Patrick Ryan,66520,The Crucifixion
27037,Santo Cilauro,92204,The Dish [DVD]
10241,Rolf De Heer,80335,Tail of a Tiger
84295,William Darbyshire,117790,[William Darbyshire Home Movies: Reel 5]
6483,Peter Hennessey,107973,Screen Gallery scaling visualisation
8642,Ana Kokkinos,83793,Antamosi
84297,Tibor Koller,117805,[Tibor Zoltan Koller Home Movies: Reel 5]
84299,Dorothy Nixon,119163,[Nixon Family Home Movies: Reel 3]
84298,Les Nixon,119163,[Nixon Family Home Movies: Reel 3]
12217,Ivan Gaal,99266,Writing for real
22147,David Greig,79696,Kakadu: land of the crocodile (Captioned)
23225,Denny Lawrence,80997,Archer
26894,Clayton Jacobson,94434,Five short films by Clayton Jacobson
86406,Mandy Walker,93567,Walk the talk
8330,Shirley Barrett,93567,Walk the talk
12787,John Gray,72836,Simple looms
19395,Barry Pierce,76439,Ground rules
20692,Paul Cox,85795,Lust and revenge
10975,Mark Lewis,110103,Loose connection
26720,Council for Aboriginal Reconciliation,84817,Walking together; Talkin' business; Making things right
76732,Mike Slee,80819,After the Warming
12797,Donald Crombie,77912,Caddie
74451,Anthony Buckley,77912,Caddie
81002,Peter Spierig,94850,Undead
81001,Michael Spierig,94850,Undead
19620,Solrun Hoaas,82352,Aya
12648,John Taylor,99418,You're Fired
12064,Gil Brealey,69746,Outlook: the line
14064,A.P. Elkin,66387,Australian Aborigines: cooking
84432,ABC,83958,Potkoorok
84432,ABC,83082,Die Fledermaus
12677,Arch Nicholson,66934,Driving to a system
79598,Simon Target,91600,Killing ground
12981,Peter Tammer,95409,Hey Marcel
31350,Mark Waters,89534,The Libby Hathorn video
86387,Frank Eidlitz,120193,Brett Whiteley
19787,Stephen Wallace,80793,For Love Alone
74451,Anthony Buckley,81030,Kitty and the bagman
12797,Donald Crombie,81030,Kitty and the bagman
84432,ABC,72129,Remarkable Occurrences: being the life and journeys of Captain James Cook
11116,Chris Noonan,73376,Sunshine North Technical School (TEFC)
12677,Arch Nicholson,71450,People of influence
12981,Peter Tammer,89290,And he will rise again
84432,ABC,82639,The New healers
8745,Nigel Buesst,78149,The Rise and fall of Squizzy Taylor
19877,Peter Butt,82119,Our melancholy duty
13900,Bruce Beresford,90245,Film for guitar
12798,Oliver Howes,76983,Raw fish and pickle
12064,Gil Brealey,76983,Raw fish and pickle
23225,Denny Lawrence,80996,Emoh ruo
10066,Ken G. Hall,76190,Australian bushland symphony
43384,Jack Anderson,117821,[John Anderson Home Movies: Reel 6]
19620,Solrun Hoaas,94002,Rushing to sunshine (Seoul diaries)
82089,Kenneth Rankine,114436,[KenRa Films Present: the Kenneth Rankine Home Movie Collection: Reel 21]
14931,Martha Ansara,82140,Robin Campbell: old feller now: memories of a Muruawarri
26685,Ken Quinnell,84787,The City's edge
12170,Suzanne Baker,68529,Home sweet home
19395,Barry Pierce,98514,How language grows
23255,John Cornell,87589,Crocodile Dundee: Crocodile Dundee II
30169,Mick Molloy,88135,Shonky golf with Mick Molloy
19877,Peter Butt,78459,China: The Long March
84432,ABC,87252,News digest [No. 10]
6601,John Power,79854,Clyde Fenton
79598,Simon Target,115563,The Academy
76358,Pamela Williams,115157,The Breakthrough series
11119,Phil Noyce,80565,Backroads
15528,Bruce Petty,75294,Leisure
12170,Suzanne Baker,75294,Leisure
12789,Rhonda Small,74158,Under stress
84432,ABC,96629,The Vanishing forest
20079,Craig Lahiff,76919,Don't just stand there coughing
74759,Justin Milne,97649,The Cross country event
77502,Posie Graeme-Evans,84529,The Miraculous Mellops 2. Part 2
10983,Karl Zwicky,84529,The Miraculous Mellops 2. Part 2
19979,Mario Andreacchio,77197,Taken by storm
12855,John Phillips,65202,Bali: the release of a soul
20701,Ted Robinson,77727,The Job Interview
20018,Henri Safran,93618,Storm Boy [DVD]
20017,Matt Carroll,93618,Storm Boy [DVD]
20892,John Duigan,80011,Far East
13073,John Edwards,69524,Launceston
20892,John Duigan,119182,[John Robertson Duigan Film Collection: Reel 14]
76761,David Hemmings,80949,Race for the Yankee Zephyr
12749,Australian War Memorial,81667,A Real man's job: Images of Australian women in wartime [kit]
82089,Kenneth Rankine,114433,[KenRa Films Present: the Kenneth Rankine Home Movie Collection: Reel 18]
19966,Jane Scott,89246,Killing Priscilla
84432,ABC,74361,News digest [No. 12]
10066,Ken G. Hall,97966,The Squatter's Daughter
76358,Pamela Williams,79099,Mum How Do You Spell Gorbatrof? (Captioned)
10025,Joan Long,75260,The Passionate industry: 1920-1930
21443,Michael Pattinson,78729,The Importance of keeping perfectly still
20897,Peter Maxwell,92500,Country town
12981,Peter Tammer,71099,On the ball (1st Version)
12749,Australian War Memorial,65148,Australians remember
12064,Gil Brealey,71989,A Queen who returned
43384,Jack Anderson,114456,[John Anderson Home Movies: Reel 17]
26894,Clayton Jacobson,85264,Given a chance
20692,Paul Cox,86159,Marcel
78193,Rod Kinnear,86159,Marcel
22665,Mark Joffe,95103,Grievous bodily harm
43384,Jack Anderson,117819,[John Anderson Home Movies: Reel 4]
8316,Patrick Ryan,70044,The Making of a gallery
74451,Anthony Buckley,66138,A City in the country: Albury Wodonga development
11116,Chris Noonan,89449,Sunshine North Technical School
84432,ABC,96026,A Town that died: Walhalla
8679,Rosemary Hesp,108637,Relative strangers
74865,Elizabeth Honey,68857,Incommunicado
8745,Nigel Buesst,66737,The Destruction of St. Patrick's College 1971
20692,Paul Cox,80008,Man of Flowers
22480,Bill Bennett,86698,The Gadfly
82089,Kenneth Rankine,119632,Hubby gets a Hobby
12798,Oliver Howes,76967,The Rice ladle
12064,Gil Brealey,76967,The Rice ladle
37255,Dean Murphy,95090,Till human voices wake us
81174,Matthias Emcke,95090,Till human voices wake us
9925,Tom Jeffrey,80990,The Removalists
12981,Peter Tammer,92097,"Two pots, a caffe latte, a scotch and dry, a vodka lime and lemon, and a small antipasto with 5 forks"
20692,Paul Cox,80731,My First wife
12677,Arch Nicholson,67410,Farming: Soviet style
8330,Shirley Barrett,85609,Love serenade
12064,Gil Brealey,74096,Turnover
12797,Donald Crombie,74096,Turnover
80854,Mark Kurzem,94537,The Mascot
23255,John Cornell,81016,Crocodile Dundee
74759,Justin Milne,74043,Trucking along
7252,Trevor Graham,78805,Painting the Town
8896,Tony Ayres,89804,China dolls
12797,Donald Crombie,96105,Canberra
22332,Sue Milliken,80010,The Fringe dwellers
19844,Scott Hicks,77200,You can't always tell
8024,Anthony Lucas,108520,And the lighthouse made three
12981,Peter Tammer,65296,Beethoven....and all that jazz
12569,Eric Porter,86966,Portland
6514,David Caesar,110401,Freely given
84432,ABC,76070,Frontline
12749,Australian War Memorial,76070,Frontline
7072,Richard Frankland,85101,Songlines: contemporary aboriginal music
74759,Justin Milne,98270,Forests and wood
76358,Pamela Williams,81747,Act of necessity
20753,Judith MacDougall,82168,Three horsemen: three generations of Aboriginal stockmen
19382,David MacDougall,82168,Three horsemen: three generations of Aboriginal stockmen
84432,ABC,95531,The Antipodeans
12981,Peter Tammer,95455,Struttin' the mutton
12984,Ken Cameron,80722,Monkey Grip
10066,Ken G. Hall,73798,Thrill of the surf
83983,Presbyterian Ladies' College,117467,Transition
15809,Joy Cavill,81013,Dawn
15007,Ken Hannam,81013,Dawn
6829,Cate Shortland,90523,Flowergirl
12064,Gil Brealey,73790,Three to go: Judy
86406,Mandy Walker,94944,Travelling light. Parklands [DVD]
11966,David Corke,72524,Science and sheep breeding
18049,William McCarty,73128,Spring fever
19979,Mario Andreacchio,77300,Vandalism
11187,Samantha Lang,92658,The Monkey's mask
11119,Phil Noyce,80012,Heatwave
19395,Barry Pierce,76769,You can't shift the blame
9991,Patricia Edgar,75067,You've got to work for it (TEFC)
84293,Charles Hayes,117755,[Charles Hayes Home Movies: Reel 3]
31350,Mark Waters,94063,The Victor Kelleher video
74658,Yoram Gross,69067,An Introduction to the defence cataloguing system
21073,Giorgio Mangiamele,95818,Boys in the age of machines
84293,Charles Hayes,117749,[Charles Hayes Home Movies: Reel 4]
20692,Paul Cox,84796,The Journey
11409,Samantha Rebillet,110554,Butterfly man
6720,Sue Ford,97661,Faces
22147,David Greig,79844,Kakadu: Land of the Crocodile
12798,Oliver Howes,76980,Lifetime employment
12064,Gil Brealey,76980,Lifetime employment
19152,Maureen McCarthy,75499,Working up: women at work in Australia
11966,David Corke,82151,The Bat and the rainbow
84432,ABC,74362,News digest [No. 13]
12004,J.V. Durden,64845,Apple aphis
11966,David Corke,66591,Dangerous immigrant
84432,ABC,97610,Other olympics
27828,Debra Choate,86581,The Castle
8896,Tony Ayres,94879,Walking on Water
17648,James Ricketson,72350,Roslyn and Blagica: everybody needs a friend
7927,Jan Sharp,72350,Roslyn and Blagica: everybody needs a friend
12789,Rhonda Small,71714,Portrait of an Australian
22480,Bill Bennett,92787,Kiss or kill [DVD]
19382,David MacDougall,79574,Sunny and the dark horse
20753,Judith MacDougall,79574,Sunny and the dark horse
12797,Donald Crombie,75087,Slippery slide
14064,A.P. Elkin,67268,Australian Aborigines: everything from nature
79680,Unjoo Moon,92005,Deadlock
19844,Scott Hicks,76599,Bert Flugelman: public sculptor (TEFC)
84432,ABC,65504,Blue collar blues
84432,ABC,75542,The Lost generation
13073,John Edwards,74175,Understanding the car
21491,Rosa Colosimo,84952,Damned whores and evil bitches: prostitution in Australia 1788-1988
12787,John Gray,74193,The Union man
12217,Ivan Gaal,65729,Camberwell Junction
19620,Solrun Hoaas,79571,Green tea and cherry ripe
19152,Maureen McCarthy,78706,Working up (TEFC)
20692,Paul Cox,97299,We are all alone my dear
14827,Ron Iddon,74120,Two faces of Gove
19883,Albie Thoms,76664,Surfmovies
12787,John Gray,65154,Australia's wheat
23328,Billy MacKinnon,81077,The Last Crop
84432,ABC,111394,Across the Strait
12064,Gil Brealey,75013,You'd have to be mad to like opera
8316,Patrick Ryan,71580,The Pioneers
77812,Jon Hewitt,93577,Redball
20692,Paul Cox,84795,All set backstage
22114,Lex Marinos,79668,An Indecent obsession
10983,Karl Zwicky,84530,The Miraculous Mellops 2. Part 3
77502,Posie Graeme-Evans,84530,The Miraculous Mellops 2. Part 3
14931,Martha Ansara,67488,A Film for Discussion
22480,Bill Bennett,94526,The Nugget
22147,David Greig,79691,The Australian Alps: Mirka's Palace of Dreams (Captioned)
14064,A.P. Elkin,73010,Australian Aborigines: songs and dances
20437,Dennis O'Rourke,78544,Ileksen
84432,ABC,82656,The Monsoon frog
11116,Chris Noonan,75919,The School is not an island
77888,Tony D'Aquino,92822,Like it is
14931,Martha Ansara,122456,The Ballad of Betty and Joe
7927,Jan Sharp,70405,Minh: a Vietnamese
12064,Gil Brealey,65097,Australian [colour] diary. No. 037. Country jazz
12798,Oliver Howes,76968,Tomorrow and yesterday
12064,Gil Brealey,76968,Tomorrow and yesterday
12797,Donald Crombie,66085,The Choice
20795,George Ogilvie,79875,Soldier Settlers
22245,Norman Dawn,79851,For the term of his natural life
22244,Charles MacMahon,79851,For the term of his natural life
9991,Patricia Edgar,82570,Songs from Lift-off
11116,Chris Noonan,66439,Could it happen here?
84432,ABC,66257,Coming in five
43384,Jack Anderson,117817,[John Anderson Home Movies: Reel 2]
26894,Clayton Jacobson,94428,Tanaka
21073,Giorgio Mangiamele,78154,The Spag [released version]
11712,Alexander Stitt,111041,Film film: Lending / Showing
12677,Arch Nicholson,70065,"Malaysia: sparrow with sparrow, raven with raven"
12064,Gil Brealey,73791,Three to go: Michael
84432,ABC,67855,A Distant sound of bugles
23220,Richard Franklin,85931,Brilliant lies
11966,David Corke,74789,Window into space: the Parkes radio telescope
12897,Frank L. Few,74825,Woman gathers food
84432,ABC,74825,Woman gathers food
78460,Steven Vidler,87268,Blackrock
13073,John Edwards,80839,The Empty Beach
20753,Judith MacDougall,82170,The House-opening
12217,Ivan Gaal,97075,Eclipse
84293,Charles Hayes,117751,[Charles Hayes Home Movies: Reel 7]
78765,Deb Cox,88102,Dead letter office
12217,Ivan Gaal,98428,Mawson Base: face to face
12217,Ivan Gaal,97248,The Punter
11028,Armagan Ballantyne,92096,Triple word score [Widescreen]
84299,Dorothy Nixon,117823,[Nixon Family Home Movies: Reel 1]
84298,Les Nixon,117823,[Nixon Family Home Movies: Reel 1]
7927,Jan Sharp,69595,"Leong, Angela: a cultural transition"
20701,Ted Robinson,79005,Getting to know me
6514,David Caesar,80236,Living Room
86082,John Brookes,119747,[Brookes Family Home Movies: Reel 7]
11274,Richard Wherrett,79830,The Girl who met Simone de Beauvoir
12209,Cecil Holmes,82135,Return to the dreaming
12044,Stanley Hawes,72513,School in the mailbox
84432,ABC,74357,News digest [No. 7]
84432,ABC,82642,The Bodyworkers
12209,Cecil Holmes,68112,Gold on blue
19109,Igor Auzins,80766,The Coolangatta Gold
8316,Patrick Ryan,70282,Melbourne timetable
12044,Stanley Hawes,72220,Richard Takes a Train Ride
12064,Gil Brealey,68198,The Greatest game on earth
22147,David Greig,117276,Witness
17495,Stanley Brogden,72015,RAAF Record. Newsreel No. 07
13769,Conon Fraser,86723,Beyond the roaring forties
12088,James Carr,72671,September spring
21203,Ben Lewin,80806,Georgia
19197,Bob Weis,80806,Georgia
12897,Frank L. Few,70712,Mutton birds
84432,ABC,70712,Mutton birds
84297,Tibor Koller,117815,[Tibor Zoltan Koller Home Movies: Reel 15]
21440,Esben Storm,83315,Deadly
77381,Richard Moir,83315,Deadly
15193,Roger Mirams,115285,The Magic Boomerang
84416,Kris Moyes,118021,My People â€“ The Presets
19152,Maureen McCarthy,77793,Skipping class
12217,Ivan Gaal,97247,Concerto for ads and heads
14079,Noel Monkman,70173,Great Barrier Reef: marvels in miniature
84432,ABC,97816,Chains of arcady
8316,Patrick Ryan,76161,Gold diggers' ballad: the watercolours of S.T.Gill (1818-80)
11116,Chris Noonan,66562,Cyclone Tracy
12798,Oliver Howes,73827,Timber town
22147,David Greig,80456,High and wild
13900,Bruce Beresford,66179,Clement Meadmore
20079,Craig Lahiff,93418,Heaven's burning
14064,A.P. Elkin,85104,Australian aborigines: living off the land
85170,Ben Abbott,119304,Beautiful Ballarat [Edited Version]
17648,James Ricketson,76576,Walking champion of the year: Robbie Silberstein
84295,William Darbyshire,117796,[William Darbyshire Home Movies: Reel 11]
84432,ABC,95921,Vision in mathematics: the unit circle
19787,Stephen Wallace,77119,Love Letters from Teralba Road
12064,Gil Brealey,73324,Choosing a theme and matching a style: 'The Gallery'
73413,Luke Doolan,108384,The Hitch
10066,Ken G. Hall,97968,Dad and Dave come to town
22114,Lex Marinos,81000,Boundaries of the heart
84295,William Darbyshire,117786,[William Darbyshire Home Movies: Reel 1]
22147,David Greig,79840,The Australian Alps: Mirka's Palace of Dreams
84297,Tibor Koller,117802,[Tibor Zoltan Koller Home Movies: Reel 2]
10225,Jackie McKimmie,92284,No problems
19382,David MacDougall,77779,A Wife among wives: notes on Turkana marriage
20753,Judith MacDougall,77779,A Wife among wives: notes on Turkana marriage
20892,John Duigan,119181,[John Robertson Duigan Film Collection: Reel 13]
11966,David Corke,86308,Migration: the decision to migrate
12064,Gil Brealey,71584,The Pipes of Para
78960,Harry Cooper,88772,Buying and caring for your puppy
10977,Ray Argall,95169,Return home [DVD]
84432,ABC,67355,Faces in the Street
20796,Carl Schultz,80651,Travelling North (Captioned)
84432,ABC,98005,The Last film search
22255,Alfred Rolfe,79861,The Hero of the Dardanelles
22480,Bill Bennett,81028,Jilted
12217,Ivan Gaal,78886,No more secrets: a discussion
77119,Deborah Hart,82303,William Delafield Cook interviewed by Deborah Hart...
75005,Chips Rafferty,69975,Made in Australia
13884,John Sexton,79964,Ginger Meggs
75229,Frank Thring,98285,Harmony Row
12170,Suzanne Baker,77390,Reaching out
84432,ABC,75222,The Legend of Jimmy Governor
19620,Solrun Hoaas,76696,Waiting for water
74658,Yoram Gross,79905,Dot and the Koala
8316,Patrick Ryan,72898,Sebastian the fox: the sleepwalkers
20892,John Duigan,119170,[John Robertson Duigan Film Collection: Reel 2]
12897,Frank L. Few,96021,In a fishing port
84432,ABC,74358,News digest [No. 8]
84432,ABC,75276,Bhutan
20692,Paul Cox,116610,Kostas
11966,David Corke,68963,Insect tissue culture
7976,Tim Bain,93037,Arctic adventure
12798,Oliver Howes,77943,A place of power in French Polynesia
23220,Richard Franklin,80991,Roadgames = Road games (D)
84432,ABC,96455,Mister Prime Minister: John Curtin
11187,Samantha Lang,87267,The Well
20795,George Ogilvie,113979,Mad Max Beyond Thunderdome
84432,ABC,66071,Peach's Australia : Chinatown: Dixon Street
22633,Miramax Films,93735,Holy smoke
15528,Bruce Petty,79441,The Bruce Petty collection
12064,Gil Brealey,79441,The Bruce Petty collection
12170,Suzanne Baker,79441,The Bruce Petty collection
7072,Richard Frankland,89138,Harry's War
26894,Clayton Jacobson,85263,Go for it!
13073,John Edwards,86214,I own the racecourse
7927,Jan Sharp,78993,What's the problem?
9257,Tony Krawitz,110307,Together in the middle of nowhere
14794,Stuart Glover,90647,City of the sixties
9991,Patricia Edgar,83467,Animated stories
84432,ABC,74356,News digest [No. 6]
12677,Arch Nicholson,96014,Road observation
85170,Ben Abbott,119303,The Last Tram
10977,Ray Argall,87545,Skyhooks: the video collection
12677,Arch Nicholson,75371,Children of Bangkok
10762,Raelene Boyle,109804,Training for the last run
84432,ABC,83955,Nargun
12789,Rhonda Small,74918,Workout
12798,Oliver Howes,78772,Let the balloon go (K)
11277,Di Drew,79215,Banduk
6601,John Power,81896,The Picture Show Man
10025,Joan Long,81896,The Picture Show Man
74150,Derek Williams,65878,The Cattle carters
86082,John Brookes,119750,[Brookes Family Home Movies: Reel 10]
74759,Justin Milne,97647,The Ten commandments
74759,Justin Milne,99391,The Night
82089,Kenneth Rankine,114437,[KenRa Films Present: the Kenneth Rankine Home Movie Collection: Reel 23]
11119,Phil Noyce,91703,Newsfront [DVD]
20437,Dennis O'Rourke,115054,The Human face of the Pacific
12798,Oliver Howes,115054,The Human face of the Pacific
12064,Gil Brealey,73369,Sunday in Melbourne
11119,Phil Noyce,114249,Caravan park
74451,Anthony Buckley,114249,Caravan park
74451,Anthony Buckley,115164,Man on the rim series
73938,Robert Edwards,111350,Aboriginal canoe trees of the Murray
12323,R. Maslyn Williams,72639,The Selection interview
72722,Simryn Gill,109398,Vessel
11119,Phil Noyce,110333,That's showbiz
84432,ABC,68037,Getting the message
12016,David Bairstow,75154,Paddington lace
82089,Kenneth Rankine,114429,[KenRa Films Present: the Kenneth Rankine Home Movie Collection: Reel 14]
77888,Tony D'Aquino,85268,Ultra shorts: 1994 V.C.A. compilation
6571,Daniel Crooks,85268,Ultra shorts: 1994 V.C.A. compilation
12855,John Phillips,65968,Charles Chauvel: the action director
12016,David Bairstow,96098,Kangaroos. Part 1. Biography
84432,ABC,74359,News digest [No. 9]
