acmi_id,acmi_name,wikidata_id,wikidata_name,acmi_title,wikidata_title,match
79120,CLAUDE WARINGO,Q42372950,MARINO DARES,A PORNOGRAPHIC AFFAIR,NUBES ROJAS,25
79120,CLAUDE WARINGO,Q3293640,MARION LAINE,A PORNOGRAPHIC AFFAIR,AN OPEN HEART,41
79120,CLAUDE WARINGO,Q2977437,CLAUDE GAGNON,A PORNOGRAPHIC AFFAIR,RETURN OF THE STREET FIGHTER,37
79120,CLAUDE WARINGO,Q323659,JEAN-CLAUDE LAUZON,A PORNOGRAPHIC AFFAIR,NIGHT ZOO,27
79120,CLAUDE WARINGO,Q3506431,SWANN ARLAUD,A PORNOGRAPHIC AFFAIR,ROMANTICS ANONYMOUS,40
79120,CLAUDE WARINGO,Q2977617,CLAUDE JUTRA,A PORNOGRAPHIC AFFAIR,FOR BETTER OR FOR WORSE,41
79120,CLAUDE WARINGO,Q730137,MARIAN LABUDA,A PORNOGRAPHIC AFFAIR,THE RAIN FAIRY,46
79120,CLAUDE WARINGO,Q6702778,LULE WARRENTON,A PORNOGRAPHIC AFFAIR,A DOUBLE DEAL IN PORK,38
79120,CLAUDE WARINGO,Q24565031,JUDE WENG,A PORNOGRAPHIC AFFAIR,FINDING 'OHANA,35
79120,CLAUDE WARINGO,Q550202,CANDY DARLING,A PORNOGRAPHIC AFFAIR,SUPERSTAR: THE LIFE AND TIMES OF ANDY WARHOL,34
79120,CLAUDE WARINGO,Q10361394,RINO LUPO,A PORNOGRAPHIC AFFAIR,"CARMINA, FLOR DE GALICIA",41
79120,CLAUDE WARINGO,Q468793,CLAUDIA GERINI,A PORNOGRAPHIC AFFAIR,A PERFECT FAMILY,49
79120,CLAUDE WARINGO,Q107463296,MARTIN CHLUP,A PORNOGRAPHIC AFFAIR,Q104898611,0
79120,CLAUDE WARINGO,Q2977967,CLAUDE PIERSON,A PORNOGRAPHIC AFFAIR,ALL ABOUT WOMEN,33
79120,CLAUDE WARINGO,Q2977479,CLAUDE GODARD,A PORNOGRAPHIC AFFAIR,LA FEMME ET LE PANTIN,33
79120,CLAUDE WARINGO,Q109684581,CLAUDIE OTTAWA,A PORNOGRAPHIC AFFAIR,Q109684593,0
79120,CLAUDE WARINGO,Q96211448,CLYDE SINGLETON,A PORNOGRAPHIC AFFAIR,20 SHOT SEQUENCE,16
79120,CLAUDE WARINGO,Q94855973,CLAUS RUTTINGER,A PORNOGRAPHIC AFFAIR,Q106719855,0
79120,CLAUDE WARINGO,Q2977442,CLAUDE GARRY,A PORNOGRAPHIC AFFAIR,FERRAGUS,28
79120,CLAUDE WARINGO,Q23014653,MARIUS CLAUSEN,A PORNOGRAPHIC AFFAIR,THE SERPENT'S FANG,36
79120,CLAUDE WARINGO,Q23957,WARNER OLAND,A PORNOGRAPHIC AFFAIR,CHARLIE CHAN AT THE OPERA,43
79120,CLAUDE WARINGO,Q4924883,BLANCHE RING,A PORNOGRAPHIC AFFAIR,DR. JEKYLL AND MR. HYDE,24
79120,CLAUDE WARINGO,Q4681879,ADELE FARRINGTON,A PORNOGRAPHIC AFFAIR,ONE HOUR BEFORE DAWN,29
79120,CLAUDE WARINGO,Q29913503,MAUDE WAYNE,A PORNOGRAPHIC AFFAIR,THE GRAY DAWN,35
79120,CLAUDE WARINGO,Q5128834,CLAUDE FLEMMING,A PORNOGRAPHIC AFFAIR,TOO MANY WIVES,29
79120,CLAUDE WARINGO,Q339669,CLAIRE WINDSOR,A PORNOGRAPHIC AFFAIR,A SON OF THE SAHARA,45
79120,CLAUDE WARINGO,Q2977398,CLAUDE FRANCE,A PORNOGRAPHIC AFFAIR,FATHER GORIOT,41
79120,CLAUDE WARINGO,Q919515,RING LARDNER,A PORNOGRAPHIC AFFAIR,"ELMER, THE GREAT",33
79120,CLAUDE WARINGO,Q318734,CLAUDE RAINS,A PORNOGRAPHIC AFFAIR,CAESAR AND CLEOPATRA,44
79120,CLAUDE WARINGO,Q5128912,CLAUDE KING,A PORNOGRAPHIC AFFAIR,FOUR MEN AND A PRAYER,43
79120,CLAUDE WARINGO,Q2977476,CLAUDE GILLINGWATER,A PORNOGRAPHIC AFFAIR,POOR LITTLE RICH GIRL,43
79120,CLAUDE WARINGO,Q3298697,CHARLES WARRINGTON,A PORNOGRAPHIC AFFAIR,THE NUT,14
79120,CLAUDE WARINGO,Q4187452,ANDREI ZARIN,A PORNOGRAPHIC AFFAIR,INFINITE SORROW,33
79120,CLAUDE WARINGO,Q2341186,CLAUDE FARRERE,A PORNOGRAPHIC AFFAIR,VEILLE D'ARMES,23
79120,CLAUDE WARINGO,Q5128987,CLAUDE PAYTON,A PORNOGRAPHIC AFFAIR,DO AND DARE,38
79120,CLAUDE WARINGO,Q2977740,CLAUDE MACHIN,A PORNOGRAPHIC AFFAIR,ROBINSON JUNIOR,33
79120,CLAUDE WARINGO,Q5128791,CLAUDE DAMPIER,A PORNOGRAPHIC AFFAIR,RIDING HIGH,31
79120,CLAUDE WARINGO,Q3293390,MARIO CAZES,A PORNOGRAPHIC AFFAIR,BEHOLD BEATRICE,22
79120,CLAUDE WARINGO,Q2977544,CLAUDE HEYMANN,A PORNOGRAPHIC AFFAIR,IDYLLE AU CAIRE,39
79120,CLAUDE WARINGO,Q469488,MANUEL MARIN,A PORNOGRAPHIC AFFAIR,Q6158552,0
79120,CLAUDE WARINGO,Q3142135,ROLAND VARNO,A PORNOGRAPHIC AFFAIR,ACTION IN THE NORTH ATLANTIC,41
79120,CLAUDE WARINGO,Q15969930,MARIE LAURE,A PORNOGRAPHIC AFFAIR,HIS HIGHNESS LOVE,21
79120,CLAUDE WARINGO,Q1096611,CLAUDE DAUPHIN,A PORNOGRAPHIC AFFAIR,BERLIN AFFAIR,53
79120,CLAUDE WARINGO,Q320836,CLAUDE KING,A PORNOGRAPHIC AFFAIR,MYSTERY OF THE WAX MUSEUM,22
79120,CLAUDE WARINGO,Q17350735,CLAUDE LEHMANN,A PORNOGRAPHIC AFFAIR,CAFE DE PARIS,35
79120,CLAUDE WARINGO,Q2977794,CLAUDE MAY,A PORNOGRAPHIC AFFAIR,ON THE ROAD,31
79120,CLAUDE WARINGO,Q2978115,CLAUDE SAINVAL,A PORNOGRAPHIC AFFAIR,THE PHANTOM BARON,37
79120,CLAUDE WARINGO,Q719916,CLAUDE RENOIR,A PORNOGRAPHIC AFFAIR,SYMPHONY FOR A MASSACRE,41
79120,CLAUDE WARINGO,Q15639842,LINA MARENGO,A PORNOGRAPHIC AFFAIR,PORCA MISERIA,41
79120,CLAUDE WARINGO,Q2755859,E. A. MARIO,A PORNOGRAPHIC AFFAIR,NAPLES IN GREEN AND BLUE,31
79120,CLAUDE WARINGO,Q1096647,CLAUDE DELVINCOURT,A PORNOGRAPHIC AFFAIR,L'APPEL DU SILENCE,26
79120,CLAUDE WARINGO,Q2977907,CLAUDE ORVAL,A PORNOGRAPHIC AFFAIR,NUITS DE MONTMARTRE,30
79120,CLAUDE WARINGO,Q1097198,CLAUDE VERNIER,A PORNOGRAPHIC AFFAIR,A FRIEND WILL COME TONIGHT,43
79120,CLAUDE WARINGO,Q728542,RING LARDNER,A PORNOGRAPHIC AFFAIR,MARRIAGE IS A PRIVATE AFFAIR,57
79120,CLAUDE WARINGO,Q2978237,CLAUDE VERMOREL,A PORNOGRAPHIC AFFAIR,GIRLS OF PARIS,34
79120,CLAUDE WARINGO,Q3171337,JEAN CLAUDIO,A PORNOGRAPHIC AFFAIR,THE HEART OF A NATION,43
79120,CLAUDE WARINGO,Q2087642,LUIS MARIANO,A PORNOGRAPHIC AFFAIR,PRINTEMPS A PARIS,47
79120,CLAUDE WARINGO,Q16554776,CESAR MARINO,A PORNOGRAPHIC AFFAIR,A WOMAN OF NO IMPORTANCE,40
79120,CLAUDE WARINGO,Q16549551,CLAUDIO MARTINO,A PORNOGRAPHIC AFFAIR,CITA EN LA FRONTERA,40
79120,CLAUDE WARINGO,Q433903,CLAUDIO GORA,A PORNOGRAPHIC AFFAIR,CONFESSIONS OF A POLICE CAPTAIN,46
79120,CLAUDE WARINGO,Q3858574,MINO CAUDANA,A PORNOGRAPHIC AFFAIR,IN DUE SI SOFFRE MEGLIO,27
79120,CLAUDE WARINGO,Q6764594,MARIO C. LUGONES,A PORNOGRAPHIC AFFAIR,"NOVIO, MARIDO Y AMANTE",38
79120,CLAUDE WARINGO,Q114327,CLAUDE FARELL,A PORNOGRAPHIC AFFAIR,SPY FOR GERMANY,39
79120,CLAUDE WARINGO,Q734474,CLAUDE MAGNIER,A PORNOGRAPHIC AFFAIR,THE GRAND MANEUVER,31
79120,CLAUDE WARINGO,Q2978048,CLAUDE RENOIR,A PORNOGRAPHIC AFFAIR,Q3354526,0
79120,CLAUDE WARINGO,Q2977534,CLAUDE GENIA,A PORNOGRAPHIC AFFAIR,FATHER GORIOT,41
79120,CLAUDE WARINGO,Q3081353,FRANCIS CLAUDE,A PORNOGRAPHIC AFFAIR,HARDI PARDAILLAN!,38
79120,CLAUDE WARINGO,Q2033707,CLAUDE NOLLIER,A PORNOGRAPHIC AFFAIR,ROYAL AFFAIRS IN VERSAILLES,50
79120,CLAUDE WARINGO,Q736243,"CLAUDE JARMAN, JR.",A PORNOGRAPHIC AFFAIR,FAIR WIND TO JAVA,37
79120,CLAUDE WARINGO,Q2977892,CLAUDE NICOT,A PORNOGRAPHIC AFFAIR,STREET WITHOUT A KING,33
79120,CLAUDE WARINGO,Q2977642,CLAUDE LARUE,A PORNOGRAPHIC AFFAIR,RUE DE L'ESTRAPADE,26
79120,CLAUDE WARINGO,Q39087603,AUBREY BARING,A PORNOGRAPHIC AFFAIR,CAIRO ROAD,45
79120,CLAUDE WARINGO,Q1097147,CLAUDE SERRE,A PORNOGRAPHIC AFFAIR,THE EAGLE WITH TWO HEADS,27
79120,CLAUDE WARINGO,Q7808421,TINO DE LARA,A PORNOGRAPHIC AFFAIR,SIERRA MADRE,36
79120,CLAUDE WARINGO,Q1096865,CLAUDE LAPOINTE,A PORNOGRAPHIC AFFAIR,Q3223390,0
79120,CLAUDE WARINGO,Q2976731,CLAUDE-HENRI GRIGNON,A PORNOGRAPHIC AFFAIR,Q3548683,0
79120,CLAUDE WARINGO,Q5600923,CARL-HUGO CALANDER,A PORNOGRAPHIC AFFAIR,ME AND THE MAFIA,38
79120,CLAUDE WARINGO,Q9029120,MARIO CLAVELL,A PORNOGRAPHIC AFFAIR,EL LADRON CANTA BOLEROS,27
79120,CLAUDE WARINGO,Q214074,CLAUDE LORRAIN,A PORNOGRAPHIC AFFAIR,BORN OF UNKNOWN FATHER,37
79120,CLAUDE WARINGO,Q2978084,CLAUDE ROMAIN,A PORNOGRAPHIC AFFAIR,LA MARIE DU PORT,43
79120,CLAUDE WARINGO,Q1096905,CLAUDE LUTER,A PORNOGRAPHIC AFFAIR,LE DESORDRE A VINGT ANS,36
79120,CLAUDE WARINGO,Q2978278,CLAUDE WINTER,A PORNOGRAPHIC AFFAIR,L'ANGE NOIR,38
79120,CLAUDE WARINGO,Q1369055,MARIO LANDI,A PORNOGRAPHIC AFFAIR,MAIGRET A PIGALLE,47
79120,CLAUDE WARINGO,Q3428467,OLUF RING,A PORNOGRAPHIC AFFAIR,THE RED HORSES,23
79120,CLAUDE WARINGO,Q2977664,CLAUDE LAYDU,A PORNOGRAPHIC AFFAIR,PRICE OF LOVE,41
79120,CLAUDE WARINGO,Q1097113,CLAUDE RICH,A PORNOGRAPHIC AFFAIR,LE CRIME EST NOTRE AFFAIRE,47
79120,CLAUDE WARINGO,Q16028682,ANDRE MARTIN,A PORNOGRAPHIC AFFAIR,Q3328672,0
79120,CLAUDE WARINGO,Q447156,MARIANO LAURENTI,A PORNOGRAPHIC AFFAIR,DREAM OF ZORRO,40
79120,CLAUDE WARINGO,Q16540294,CLAUDE PERAN,A PORNOGRAPHIC AFFAIR,Q3225704,0
79120,CLAUDE WARINGO,Q30727286,CLAUDE LALANDE,A PORNOGRAPHIC AFFAIR,Q3227317,0
79120,CLAUDE WARINGO,Q23071865,CLAUDE JAEGER,A PORNOGRAPHIC AFFAIR,Q16661820,0
79120,CLAUDE WARINGO,Q1103858,CLAUDIO SANTORO,A PORNOGRAPHIC AFFAIR,NEEDLE IN THE HAYSTACK,28
79120,CLAUDE WARINGO,Q2978178,CLAUDE SYLVAIN,A PORNOGRAPHIC AFFAIR,L'AFFAIRE MAURIZIUS,45
79120,CLAUDE WARINGO,Q9029118,MARIO CABRE,A PORNOGRAPHIC AFFAIR,LA NOVIA,34
79120,CLAUDE WARINGO,Q5038297,CARDEW ROBINSON,A PORNOGRAPHIC AFFAIR,CALLING ALL CARS,38
79120,CLAUDE WARINGO,Q44515,CLAUDE PINOTEAU,A PORNOGRAPHIC AFFAIR,LOVE IS A FUNNY THING,38
79120,CLAUDE WARINGO,Q95452451,CLAUDE STROUD,A PORNOGRAPHIC AFFAIR,LOVE ME OR LEAVE ME,25
79120,CLAUDE WARINGO,Q2978051,CLAUDE REY,A PORNOGRAPHIC AFFAIR,NAPOLEON,28
79120,CLAUDE WARINGO,Q46998853,CLAUDE LE LORRAIN,A PORNOGRAPHIC AFFAIR,GANGSTER VON PARIS,36
79120,CLAUDE WARINGO,Q6725281,MARGOT KLAUSNER,A PORNOGRAPHIC AFFAIR,HILL 24 DOESN'T ANSWER,37
79120,CLAUDE WARINGO,Q2978263,CLAUDE VEGA,A PORNOGRAPHIC AFFAIR,PARIS MUSIC HALL,38
79120,CLAUDE WARINGO,Q2978259,CLAUDE VIRIOT,A PORNOGRAPHIC AFFAIR,IF PARIS WERE TOLD TO US,31
79120,CLAUDE WARINGO,Q2977277,CLAUDE DESAILLY,A PORNOGRAPHIC AFFAIR,"MANDRIN, BANDIT GENTILHOMME",30
79120,CLAUDE WARINGO,Q2977804,CLAUDE MERCUTIO,A PORNOGRAPHIC AFFAIR,MAIGRET SETS A TRAP,45
79120,CLAUDE WARINGO,Q1249963,CLAUDE DURAND,A PORNOGRAPHIC AFFAIR,LE FEU AUX POUDRES,36
79120,CLAUDE WARINGO,Q19945151,MARION LAURENT,A PORNOGRAPHIC AFFAIR,LA GARCONNE,31
79120,CLAUDE WARINGO,Q116236,CLAUDE GORETTA,A PORNOGRAPHIC AFFAIR,LA PROVINCIALE,40
79120,CLAUDE WARINGO,Q3165209,JEAN-CLAUDE ROY,A PORNOGRAPHIC AFFAIR,PRINTEMPS A PARIS,47
79120,CLAUDE WARINGO,Q28065439,MARIO CASADO,A PORNOGRAPHIC AFFAIR,THE ROMANCE OF A GAUCHO,41
79120,CLAUDE WARINGO,Q2977238,CLAUDE DARGET,A PORNOGRAPHIC AFFAIR,"A DOG, A MOUSE, AND A SPUTNIK",42
79120,CLAUDE WARINGO,Q2977756,CLAUDE MANSARD,A PORNOGRAPHIC AFFAIR,LES MALABARS SONT AU PARFUM,38
79120,CLAUDE WARINGO,Q21406871,CLAUDE HAUSER,A PORNOGRAPHIC AFFAIR,THE POSSESSORS,29
79120,CLAUDE WARINGO,Q2978081,CLAUDE ROLLET,A PORNOGRAPHIC AFFAIR,ME AND THE FORTY YEAR OLD MAN,32
79120,CLAUDE WARINGO,Q2977812,CLAUDE MELKI,A PORNOGRAPHIC AFFAIR,A SLIGHTLY PREGNANT MAN,41
79120,CLAUDE WARINGO,Q2978210,CLAUDE TITRE,A PORNOGRAPHIC AFFAIR,THE TRIUMPH OF MICHAEL STROGOFF,38
79120,CLAUDE WARINGO,Q287976,CLAUDIA MORI,A PORNOGRAPHIC AFFAIR,LUNATICS AND LOVERS,40
79120,CLAUDE WARINGO,Q867883,CLAUDIO RUFFINI,A PORNOGRAPHIC AFFAIR,LONG ARM OF THE GODFATHER,43
79120,CLAUDE WARINGO,Q739500,MARIO CAMUS,A PORNOGRAPHIC AFFAIR,WEEPING FOR A BANDIT,44
79120,CLAUDE WARINGO,Q16183695,HWANG HAE,A PORNOGRAPHIC AFFAIR,CRUEL HARBOR,30
79120,CLAUDE WARINGO,Q21073027,CLAUDE SALEZ,A PORNOGRAPHIC AFFAIR,Q18281174,0
79120,CLAUDE WARINGO,Q581018,CLAUDE MAURIAC,A PORNOGRAPHIC AFFAIR,THE SEVEN DEADLY SINS,24
79120,CLAUDE WARINGO,Q3295504,MARTIN LARTIGUE,A PORNOGRAPHIC AFFAIR,CESAR AND ROSALIE,47
79120,CLAUDE WARINGO,Q3164929,JEAN-CLAUDE DARNAL,A PORNOGRAPHIC AFFAIR,THE IMMORAL MOMENT,31
79120,CLAUDE WARINGO,Q28466030,CLAUDE MARTING,A PORNOGRAPHIC AFFAIR,A BUTTERFLY IN THE NIGHT,36
79120,CLAUDE WARINGO,Q2978088,CLAUDE ROMET,A PORNOGRAPHIC AFFAIR,THE EYE OF EVIL,22
79120,CLAUDE WARINGO,Q2977755,CLAUDE MANN,A PORNOGRAPHIC AFFAIR,L'AGE INGRAT,42
79120,CLAUDE WARINGO,Q514904,CLAUDINE MERLIN,A PORNOGRAPHIC AFFAIR,BUFFET FROID,36
79120,CLAUDE WARINGO,Q2977352,CLAUDE EVRARD,A PORNOGRAPHIC AFFAIR,LE DESORDRE A VINGT ANS,36
79120,CLAUDE WARINGO,Q2977598,CLAUDE JOHNSON,A PORNOGRAPHIC AFFAIR,PAPA'S DELICATE CONDITION,26
79120,CLAUDE WARINGO,Q24250543,MARGO LEE,A PORNOGRAPHIC AFFAIR,DON'T LISTEN LADIES,25
79120,CLAUDE WARINGO,Q95766538,CLAUDE DURAND,A PORNOGRAPHIC AFFAIR,GREED IN THE SUN,27
79120,CLAUDE WARINGO,Q3679903,CLAUDIE LANGE,A PORNOGRAPHIC AFFAIR,UNO DI PIU ALL'INFERNO,42
79120,CLAUDE WARINGO,Q39589,CAESARION,A PORNOGRAPHIC AFFAIR,THE SON OF CLEOPATRA,34
79120,CLAUDE WARINGO,Q2977483,CLAUDE GODBOUT,A PORNOGRAPHIC AFFAIR,THE PRIVATE LIFE OF CINEMA,38
79120,CLAUDE WARINGO,Q206506,CLAUDINE LONGET,A PORNOGRAPHIC AFFAIR,THE PARTY,27
79120,CLAUDE WARINGO,Q3165202,JEAN-CLAUDE ROLLAND,A PORNOGRAPHIC AFFAIR,LA JEUNE MORTE,29
79120,CLAUDE WARINGO,Q21598403,CLYDE WARE,A PORNOGRAPHIC AFFAIR,CATALINA CAPER,40
79120,CLAUDE WARINGO,Q521870,CLAUDE FARALDO,A PORNOGRAPHIC AFFAIR,L'ANGE NOIR,38
79120,CLAUDE WARINGO,Q690963,CLAUDE WEISZ,A PORNOGRAPHIC AFFAIR,Q3204112,0
79120,CLAUDE WARINGO,Q719314,CLAUDE NOUGARO,A PORNOGRAPHIC AFFAIR,LE DESORDRE A VINGT ANS,36
79120,CLAUDE WARINGO,Q940193,CLAUDE GIROUX,A PORNOGRAPHIC AFFAIR,STORY OF O,32
79120,CLAUDE WARINGO,Q2977391,CLAUDE FOURNIER,A PORNOGRAPHIC AFFAIR,THE PRIVATE LIFE OF CINEMA,38
79120,CLAUDE WARINGO,Q3680253,CLAUDIO TRIONFI,A PORNOGRAPHIC AFFAIR,IL GIOVANE NORMALE,41
79120,CLAUDE WARINGO,Q1098785,CLAUS RINGER,A PORNOGRAPHIC AFFAIR,THE SWEET SINS OF SEXY SUSAN,20
79120,CLAUDE WARINGO,Q15407317,CLAUDE PARENT,A PORNOGRAPHIC AFFAIR,THE YOUNG GIRLS OF ROCHEFORT,33
79120,CLAUDE WARINGO,Q2403449,CLAUDE GAUTHIER,A PORNOGRAPHIC AFFAIR,THE LONG WINTER,28
79120,CLAUDE WARINGO,Q16766331,JEAN-CLAUDE POURRIT,A PORNOGRAPHIC AFFAIR,LE DESORDRE A VINGT ANS,36
79120,CLAUDE WARINGO,Q376182,WINGS HAUSER,A PORNOGRAPHIC AFFAIR,TERROR IN THE AISLES,39
79120,CLAUDE WARINGO,Q16266483,JEAN-CLAUDE ROMER,A PORNOGRAPHIC AFFAIR,UN LINCEUL N'A PAS DE POCHES,33
79120,CLAUDE WARINGO,Q12340969,VIGGO CLAUSEN,A PORNOGRAPHIC AFFAIR,Q19827728,0
79120,CLAUDE WARINGO,Q183471,CLAUDE JADE,A PORNOGRAPHIC AFFAIR,A CAPTAIN'S HONOR,53
79120,CLAUDE WARINGO,Q1684746,JEAN-CLAUDE DAUPHIN,A PORNOGRAPHIC AFFAIR,DRACULA AND SON,39
79120,CLAUDE WARINGO,Q2978235,CLAUDE VEILLOT,A PORNOGRAPHIC AFFAIR,R.A.S.,31
79120,CLAUDE WARINGO,Q2977693,CLAUDE LEGROS,A PORNOGRAPHIC AFFAIR,NOUS IRONS TOUS AU PARADIS,43
79120,CLAUDE WARINGO,Q3293342,MARIO ALMADA,A PORNOGRAPHIC AFFAIR,LA VIUDA NEGRA,40
79120,CLAUDE WARINGO,Q1145240,CLAUDE MULOT,A PORNOGRAPHIC AFFAIR,ON SE CALME ET ON BOIT FRAIS A SAINT-TROPEZ,38
79120,CLAUDE WARINGO,Q6775972,MARTIN LAVUT,A PORNOGRAPHIC AFFAIR,PALAIS ROYALE,41
79120,CLAUDE WARINGO,Q518345,ANDRE DEWAVRIN,A PORNOGRAPHIC AFFAIR,ARMY OF SHADOWS,28
79120,CLAUDE WARINGO,Q2977748,CLAUDE MAKOVSKI,A PORNOGRAPHIC AFFAIR,A YOUNG EMMANUELLE,36
79120,CLAUDE WARINGO,Q2977760,CLAUDE MARCAULT,A PORNOGRAPHIC AFFAIR,DOCTEUR FRANCOISE GAILLAND,34
79120,CLAUDE WARINGO,Q2978417,CLAUDIA MORIN,A PORNOGRAPHIC AFFAIR,LIFE LOVE DEATH,28
79120,CLAUDE WARINGO,Q2977888,CLAUDE NEDJAR,A PORNOGRAPHIC AFFAIR,VLADIMIR AND ROSA,32
79120,CLAUDE WARINGO,Q2817192,CLAUDE PREFONTAINE,A PORNOGRAPHIC AFFAIR,VALERIE,21
79120,CLAUDE WARINGO,Q543761,LAURIE MAIN,A PORNOGRAPHIC AFFAIR,ON A CLEAR DAY YOU CAN SEE FOREVER,36
79120,CLAUDE WARINGO,Q5553431,CLAUDIO GUERIN,A PORNOGRAPHIC AFFAIR,THE BELL FROM HELL,26
79120,CLAUDE WARINGO,Q3165079,JEAN-CLAUDE LORD,A PORNOGRAPHIC AFFAIR,THE PRIVATE LIFE OF CINEMA,38
79120,CLAUDE WARINGO,Q471010,CLAUDE ZIDI,A PORNOGRAPHIC AFFAIR,THE GRAND BAZAAR,49
79120,CLAUDE WARINGO,Q43151098,CLAIRE WAUTHION,A PORNOGRAPHIC AFFAIR,LE FILS D'AMR EST MORT,33
79120,CLAUDE WARINGO,Q12327011,MICHAEL VARMING,A PORNOGRAPHIC AFFAIR,Q19827530,0
79120,CLAUDE WARINGO,Q647237,WARREN CLARKE,A PORNOGRAPHIC AFFAIR,A CLOCKWORK ORANGE,41
79120,CLAUDE WARINGO,Q5129391,CLAUDIO OBREGON,A PORNOGRAPHIC AFFAIR,LA ZONA,36
79120,CLAUDE WARINGO,Q2977708,CLAUDE LOCHY,A PORNOGRAPHIC AFFAIR,THREE BILLION WITHOUT ELEVATOR,27
79120,CLAUDE WARINGO,Q2977641,CLAUDE LAROCHE,A PORNOGRAPHIC AFFAIR,POVERTY AND OTHER DELIGHTS,34
79120,CLAUDE WARINGO,Q15379136,CARL DUERING,A PORNOGRAPHIC AFFAIR,"KING, QUEEN, KNAVE",22
79120,CLAUDE WARINGO,Q867852,CLAUDE ROY,A PORNOGRAPHIC AFFAIR,Q3414128,0
79120,CLAUDE WARINGO,Q3680117,CLAUDIO MANCINI,A PORNOGRAPHIC AFFAIR,PROPERTY IS NO LONGER A THEFT,44
79120,CLAUDE WARINGO,Q5772001,CLAUDIO LEVRINO,A PORNOGRAPHIC AFFAIR,AUTOCINE MON AMOUR,36
79120,CLAUDE WARINGO,Q27044119,CLAUDE PIGNOT,A PORNOGRAPHIC AFFAIR,MAN WITH THE TRANSPLANTED BRAIN,31
79120,CLAUDE WARINGO,Q1297242,MICHELE WATRIN,A PORNOGRAPHIC AFFAIR,FORBIDDEN PRIESTS,32
79120,CLAUDE WARINGO,Q16029005,JEAN-CLAUDE TRAMONT,A PORNOGRAPHIC AFFAIR,LE POINT DE MIRE,38
79120,CLAUDE WARINGO,Q5128858,CLAUDE GIROUX,A PORNOGRAPHIC AFFAIR,L'AFFAIRE DOMINICI,56
79120,CLAUDE WARINGO,Q551512,CLAUDE LANZMANN,A PORNOGRAPHIC AFFAIR,POURQUOI ISRAEL,44
79120,CLAUDE WARINGO,Q1097219,CLAUDE WHATHAM,A PORNOGRAPHIC AFFAIR,ALL CREATURES GREAT AND SMALL,36
79120,CLAUDE WARINGO,Q29525841,MARIE-CLAUDE ALTOT,A PORNOGRAPHIC AFFAIR,GEORGE WHO?,26
79120,CLAUDE WARINGO,Q2978131,CLAUDE SANTELLI,A PORNOGRAPHIC AFFAIR,HISTOIRE VRAIE,34
79120,CLAUDE WARINGO,Q2776810,MARIANNE LUDCKE,A PORNOGRAPHIC AFFAIR,Q106717015,0
79120,CLAUDE WARINGO,Q16106700,LAU KAR-WING,A PORNOGRAPHIC AFFAIR,THE DRAGON FAMILY,37
79120,CLAUDE WARINGO,Q3679858,CLAUDIA MARSANI,A PORNOGRAPHIC AFFAIR,CONVERSATION PIECE,36
79120,CLAUDE WARINGO,Q2977430,CLAUDE GAI,A PORNOGRAPHIC AFFAIR,ONCE UPON A TIME IN THE EAST,37
79120,CLAUDE WARINGO,Q2978262,CLAUDE VITAL,A PORNOGRAPHIC AFFAIR,THE PORTER FROM MAXIM'S,41
79120,CLAUDE WARINGO,Q65563134,CLAUDE HEROUX,A PORNOGRAPHIC AFFAIR,I LOVE YOU,26
79120,CLAUDE WARINGO,Q1097455,CLAUDIA FLORIO,A PORNOGRAPHIC AFFAIR,"OCCHEI, OCCHEI",29
79120,CLAUDE WARINGO,Q61770271,LISA MARIANO,A PORNOGRAPHIC AFFAIR,Q61770250,0
79120,CLAUDE WARINGO,Q20961959,CLAUDE NERON,A PORNOGRAPHIC AFFAIR,LE BAR DU TELEPHONE,30
79120,CLAUDE WARINGO,Q1097471,CLAUDIA GOLLING,A PORNOGRAPHIC AFFAIR,Q1213691,0
79120,CLAUDE WARINGO,Q1096768,CLAUDE GAUVREAU,A PORNOGRAPHIC AFFAIR,24 HEURES OU PLUS,26
79120,CLAUDE WARINGO,Q2977744,CLAUDE MAHER,A PORNOGRAPHIC AFFAIR,LE SOLEIL SE LEVE EN RETARD,25
79120,CLAUDE WARINGO,Q365985,CLAUDE FRANCOIS,A PORNOGRAPHIC AFFAIR,DROLES DE ZEBRES,22
79120,CLAUDE WARINGO,Q2977925,CLAUDE PATIN,A PORNOGRAPHIC AFFAIR,Q3210884,0
79120,CLAUDE WARINGO,Q3291733,MARIE-CLAUDE TREILHOU,A PORNOGRAPHIC AFFAIR,DRUGSTORE ROMANCE,32
79120,CLAUDE WARINGO,Q16266804,JEAN-CLAUDE PERRIN,A PORNOGRAPHIC AFFAIR,THE DEATH OF MARIO RICCI,40
79120,CLAUDE WARINGO,Q17625725,CLAUDIO TALLINO,A PORNOGRAPHIC AFFAIR,SPELL - DOLCE MATTATOIO,29
79120,CLAUDE WARINGO,Q9316171,WANG LAI,A PORNOGRAPHIC AFFAIR,THE DREAM OF THE RED CHAMBER,29
79120,CLAUDE WARINGO,Q26211769,GUY-CLAUDE FRANCOIS,A PORNOGRAPHIC AFFAIR,CAPTAIN CONAN,41
79120,CLAUDE WARINGO,Q3165100,JEAN-CLAUDE MARTIN,A PORNOGRAPHIC AFFAIR,FAUT S'LES FAIRE!... CES LEGIONNAIRES,37
79120,CLAUDE WARINGO,Q3165195,JEAN-CLAUDE ROBBE,A PORNOGRAPHIC AFFAIR,Q3352276,0
79120,CLAUDE WARINGO,Q3056540,ERIK CLAUSEN,A PORNOGRAPHIC AFFAIR,NEVER AGAIN A TOMORROW,47
79120,CLAUDE WARINGO,Q17428079,LANE CAUDELL,A PORNOGRAPHIC AFFAIR,"GOODBYE, FRANKLIN HIGH",38
79120,CLAUDE WARINGO,Q3680239,CLAUDIO SORRENTINO,A PORNOGRAPHIC AFFAIR,TIME TO KILL,24
79120,CLAUDE WARINGO,Q83147602,CLAUDE MURET,A PORNOGRAPHIC AFFAIR,WINTER NOMADS,29
79120,CLAUDE WARINGO,Q1634600,MARTIN LAGER,A PORNOGRAPHIC AFFAIR,H. G. WELLS' THE SHAPE OF THINGS TO COME,24
79120,CLAUDE WARINGO,Q21334847,JEAN-CLAUDE JAY,A PORNOGRAPHIC AFFAIR,MEMOIRS OF A FRENCH WHORE,39
79120,CLAUDE WARINGO,Q2388357,CLAUDE MATHIEU,A PORNOGRAPHIC AFFAIR,GUERMANTES,19
79120,CLAUDE WARINGO,Q3165067,JEAN-CLAUDE LEGUAY,A PORNOGRAPHIC AFFAIR,ASSOCIATION OF WRONGDOERS,39
79120,CLAUDE WARINGO,Q65115632,CLAUDINE CYR,A PORNOGRAPHIC AFFAIR,AVOIR 16 ANS,30
79120,CLAUDE WARINGO,Q710462,CHARLIE MARIANO,A PORNOGRAPHIC AFFAIR,PUT ON ICE,32
79120,CLAUDE WARINGO,Q5180833,CRAIG CLYDE,A PORNOGRAPHIC AFFAIR,HANGAR 18,33
79120,CLAUDE WARINGO,Q95902973,CLAUDE GIROUX,A PORNOGRAPHIC AFFAIR,GIRLS,15
79120,CLAUDE WARINGO,Q3134448,HERVE CLAUDE,A PORNOGRAPHIC AFFAIR,TANT QU'IL Y AURA DES FEMMES,24
79120,CLAUDE WARINGO,Q2978450,CLAUDIE OSSARD,A PORNOGRAPHIC AFFAIR,STORIES FROM THE KRONEN,36
79120,CLAUDE WARINGO,Q5293677,DON WARRINGTON,A PORNOGRAPHIC AFFAIR,RISING DAMP,31
79120,CLAUDE WARINGO,Q3680240,CLAUDIO SPADARO,A PORNOGRAPHIC AFFAIR,THE FATHER AND THE FOREIGNER,45
79120,CLAUDE WARINGO,Q3680213,CLAUDIO RISI,A PORNOGRAPHIC AFFAIR,MATRIMONIO ALLE BAHAMAS,36
79120,CLAUDE WARINGO,Q2977501,CLAUDE GRISE,A PORNOGRAPHIC AFFAIR,THE PLOUFFE FAMILY,36
79120,CLAUDE WARINGO,Q16012491,CLAUDE PANIER,A PORNOGRAPHIC AFFAIR,OASIS OF THE ZOMBIES,29
79120,CLAUDE WARINGO,Q2978118,CLAUDE RYAN,A PORNOGRAPHIC AFFAIR,LE CONFORT ET L'INDIFFERENCE,24
79120,CLAUDE WARINGO,Q2977865,CLAUDE MORIN,A PORNOGRAPHIC AFFAIR,LE CONFORT ET L'INDIFFERENCE,24
79120,CLAUDE WARINGO,Q2977933,CLAUDE PERDRIEL,A PORNOGRAPHIC AFFAIR,REPORTER,34
79120,CLAUDE WARINGO,Q9784963,CLAUDIA MAGNO,A PORNOGRAPHIC AFFAIR,MENINO DO RIO,35
79120,CLAUDE WARINGO,Q6458796,KING CLAVE,A PORNOGRAPHIC AFFAIR,Q19886368,0
79120,CLAUDE WARINGO,Q2976739,CLAUDE-INGA BARBEY,A PORNOGRAPHIC AFFAIR,THE DEATH OF MARIO RICCI,40
79120,CLAUDE WARINGO,Q95852454,CLAUDE VAJDA,A PORNOGRAPHIC AFFAIR,Q106585008,0
79120,CLAUDE WARINGO,Q3165212,JEAN-CLAUDE SACHOT,A PORNOGRAPHIC AFFAIR,INVITATION AU VOYAGE,39
79120,CLAUDE WARINGO,Q612641,CLAUDIO MARZO,A PORNOGRAPHIC AFFAIR,"PRA FRENTE, BRASIL",42
79120,CLAUDE WARINGO,Q555584,CLAUDE DUNETON,A PORNOGRAPHIC AFFAIR,ALL IS FORGIVEN,39
79120,CLAUDE WARINGO,Q3164973,JEAN-CLAUDE FRISSUNG,A PORNOGRAPHIC AFFAIR,CAMPING A LA FERME,41
79120,CLAUDE WARINGO,Q285908,RINGO LAM,A PORNOGRAPHIC AFFAIR,PRISON ON FIRE,46
79120,CLAUDE WARINGO,Q271926,CLAUDIA KARVAN,A PORNOGRAPHIC AFFAIR,SMALL CLAIMS: THE REUNION,36
79120,CLAUDE WARINGO,Q95707012,CLAUDIA RIENECK,A PORNOGRAPHIC AFFAIR,CARAMBOLAGE,25
79120,CLAUDE WARINGO,Q2978140,CLAUDE SCASSO,A PORNOGRAPHIC AFFAIR,PINOCCHIO 3000,34
79120,CLAUDE WARINGO,Q3609179,ALDO DE MARTINO,A PORNOGRAPHIC AFFAIR,MACARONI,41
79120,CLAUDE WARINGO,Q3830392,LEONARDO MARINO,A PORNOGRAPHIC AFFAIR,PIZZA CONNECTION,27
79120,CLAUDE WARINGO,Q6537578,LEX MARINOS,A PORNOGRAPHIC AFFAIR,BOUNDARIES OF THE HEART,32
79120,CLAUDE WARINGO,Q6760356,MARGI CLARKE,A PORNOGRAPHIC AFFAIR,HELSINKI NAPOLI ALL NIGHT LONG,39
79120,CLAUDE WARINGO,Q2976849,CLAUDE-ERIC POIROUX,A PORNOGRAPHIC AFFAIR,DISORDER,28
79120,CLAUDE WARINGO,Q3218789,LAURE SABARDIN,A PORNOGRAPHIC AFFAIR,SAINT TROPEZ VICE,42
79120,CLAUDE WARINGO,Q3680090,CLAUDIO INSEGNO,A PORNOGRAPHIC AFFAIR,MY FIRST FORTY YEARS,34
79120,CLAUDE WARINGO,Q1648338,MICHAEL WEARING,A PORNOGRAPHIC AFFAIR,HUMAN TRAFFIC,41
79120,CLAUDE WARINGO,Q8777355,ERNESTO CLAUDIO,A PORNOGRAPHIC AFFAIR,ASHES OF PARADISE,42
79120,CLAUDE WARINGO,Q6452094,INGE BLAU,A PORNOGRAPHIC AFFAIR,KILLING BLUE,24
79120,CLAUDE WARINGO,Q2549643,WARREN ADLER,A PORNOGRAPHIC AFFAIR,RANDOM HEARTS,35
79120,CLAUDE WARINGO,Q1096591,CLAUDE CUENI,A PORNOGRAPHIC AFFAIR,Q3368225,0
79120,CLAUDE WARINGO,Q16405456,VAINO LAES,A PORNOGRAPHIC AFFAIR,PEACE STREET,18
79120,CLAUDE WARINGO,Q448727,MARGOT ADLER,A PORNOGRAPHIC AFFAIR,THE BURNING TIMES,26
79120,CLAUDE WARINGO,Q2977761,CLAUDE MAKI,A PORNOGRAPHIC AFFAIR,A SCENE AT THE SEA,36
79120,CLAUDE WARINGO,Q13560334,CLARE WREN,A PORNOGRAPHIC AFFAIR,STEEL AND LACE,23
79120,CLAUDE WARINGO,Q295830,PAUL CLAUDEL,A PORNOGRAPHIC AFFAIR,THE ANNUNCIATION OF MARIE,30
79120,CLAUDE WARINGO,Q2977981,CLAUDE POISSANT,A PORNOGRAPHIC AFFAIR,NELLIGAN,21
79120,CLAUDE WARINGO,Q16337253,CLAUDIO CURI,A PORNOGRAPHIC AFFAIR,FOREVER,29
79120,CLAUDE WARINGO,Q2980489,CLAUDIA RAIA,A PORNOGRAPHIC AFFAIR,KILLED THE FAMILY AND WENT TO THE MOVIE THEATER,26
79120,CLAUDE WARINGO,Q3020675,DEANO CLAVET,A PORNOGRAPHIC AFFAIR,HISTOIRE DE PEN,33
79120,CLAUDE WARINGO,Q7970728,WARRINGTON HUDLIN,A PORNOGRAPHIC AFFAIR,BOOMERANG,27
79120,CLAUDE WARINGO,Q2978370,CLAUDE ETIENNE,A PORNOGRAPHIC AFFAIR,Q3163484,0
79120,CLAUDE WARINGO,Q3165143,JEAN-CLAUDE NAIMRO,A PORNOGRAPHIC AFFAIR,SIMEON,22
79120,CLAUDE WARINGO,Q2631586,MARTIN CLUNES,A PORNOGRAPHIC AFFAIR,SAVING GRACE,36
79120,CLAUDE WARINGO,Q2978917,CLEO KING,A PORNOGRAPHIC AFFAIR,WAKING UP IN RENO,37
79120,CLAUDE WARINGO,Q15122221,JEAN-CLAUDE LARRIEU,A PORNOGRAPHIC AFFAIR,MAP OF THE SOUNDS OF TOKYO,34
79120,CLAUDE WARINGO,Q292709,CLAUDETTE MINK,A PORNOGRAPHIC AFFAIR,CHILDREN OF THE CORN: REVELATION,38
79120,CLAUDE WARINGO,Q3827810,LAURA MARINONI,A PORNOGRAPHIC AFFAIR,THE ELECTIVE AFFINITIES,32
79120,CLAUDE WARINGO,Q3680114,CLAUDIO MAIOLI,A PORNOGRAPHIC AFFAIR,Q15708671,0
79120,CLAUDE WARINGO,Q1097620,CLAUDIA MARTINI,A PORNOGRAPHIC AFFAIR,ANFANG 80,40
79120,CLAUDE WARINGO,Q2870710,AUDE THIRION,A PORNOGRAPHIC AFFAIR,INCH'ALLAH DIMANCHE,35
79120,CLAUDE WARINGO,Q3242427,LISA MARTINO,A PORNOGRAPHIC AFFAIR,POURQUOI MAMAN EST DANS MON LIT ?,38
79120,CLAUDE WARINGO,Q16483247,MARIANO ANDRADE,A PORNOGRAPHIC AFFAIR,ANTONIA,29
79120,CLAUDE WARINGO,Q10278106,EUCLYDES MARINHO,A PORNOGRAPHIC AFFAIR,SEE THIS SONG,35
79120,CLAUDE WARINGO,Q18655446,CLEA DE KONING,A PORNOGRAPHIC AFFAIR,SIBERIA,21
79120,CLAUDE WARINGO,Q8992009,RAIN LAU,A PORNOGRAPHIC AFFAIR,LITTLE BIG MASTER,21
79120,CLAUDE WARINGO,Q1000279,CLAUDE WARINGO,A PORNOGRAPHIC AFFAIR,TOMORROW AFTER THE WAR,37
79120,CLAUDE WARINGO,Q2939011,CARL WASHINGTON,A PORNOGRAPHIC AFFAIR,CHAT ROOM,33
79120,CLAUDE WARINGO,Q2977901,CLAUDE NURIDSANY,A PORNOGRAPHIC AFFAIR,MICROCOSMOS,25
79120,CLAUDE WARINGO,Q2977808,CLAUDE MERLE,A PORNOGRAPHIC AFFAIR,THE ISLAND OF DR. MOREAU,32
79120,CLAUDE WARINGO,Q2978146,CLAUDE SEMAL,A PORNOGRAPHIC AFFAIR,THE BARONS,32
79120,CLAUDE WARINGO,Q460423,CLAUDE PERRON,A PORNOGRAPHIC AFFAIR,ON A MARCHE SUR BANGKOK,41
79120,CLAUDE WARINGO,Q3164999,JEAN-CLAUDE GERMAIN,A PORNOGRAPHIC AFFAIR,POVERTY AND OTHER DELIGHTS,34
79120,CLAUDE WARINGO,Q12801,CLAUDE PIRON,A PORNOGRAPHIC AFFAIR,LA VERDA STELULO,27
79120,CLAUDE WARINGO,Q2978035,CLAUDE RAJOTTE,A PORNOGRAPHIC AFFAIR,J'EN SUIS!,20
79120,CLAUDE WARINGO,Q12306485,CLAUS GERVING,A PORNOGRAPHIC AFFAIR,FRIDA'S FIRST TIME,36
79120,CLAUDE WARINGO,Q2344311,CARINE ADLER,A PORNOGRAPHIC AFFAIR,UNDER THE SKIN,23
79120,CLAUDE WARINGO,Q1645388,MARTIN GLADE,A PORNOGRAPHIC AFFAIR,PORNORAMA,47
79120,CLAUDE WARINGO,Q1098080,CLAUDIO MASIN,A PORNOGRAPHIC AFFAIR,SOFT AIR - ARIA COMPRESSA,36
79120,CLAUDE WARINGO,Q709779,WAKIN CHAU,A PORNOGRAPHIC AFFAIR,SPICY LOVE SOUP,28
79120,CLAUDE WARINGO,Q6089431,CLAUDIO SALGADO,A PORNOGRAPHIC AFFAIR,TIC TAC,29
79120,CLAUDE WARINGO,Q9058473,WANG SHAUDI,A PORNOGRAPHIC AFFAIR,YOURS AND MINE,34
79120,CLAUDE WARINGO,Q2978398,CLAUDI MARTI,A PORNOGRAPHIC AFFAIR,AUTUMN TALE,19
79120,CLAUDE WARINGO,Q107614146,CLAUDIO SAPIAIN,A PORNOGRAPHIC AFFAIR,Q2883367,0
79120,CLAUDE WARINGO,Q12967760,MARIANO ALVAREZ,A PORNOGRAPHIC AFFAIR,"LITTLE THIEVES, BIG THIEVES",21
79120,CLAUDE WARINGO,Q3427126,RENEE CLAUDE,A PORNOGRAPHIC AFFAIR,"IT'S YOUR TURN, LAURA CADIEUX",37
79120,CLAUDE WARINGO,Q2977328,CLAUDE DUPARFAIT,A PORNOGRAPHIC AFFAIR,DON'T LET ME DIE ON A SUNDAY,33
79120,CLAUDE WARINGO,Q3016097,DARIAN CAINE,A PORNOGRAPHIC AFFAIR,BATBABE: THE DARK NIGHTIE,40
79120,CLAUDE WARINGO,Q16439636,CLAUDE LAHR,A PORNOGRAPHIC AFFAIR,HEIM INS REICH,34
79120,CLAUDE WARINGO,Q75563927,ERLING BUDDE,A PORNOGRAPHIC AFFAIR,Q73482906,0
79120,CLAUDE WARINGO,Q100599768,JEAN-CLAUDE VALLOD,A PORNOGRAPHIC AFFAIR,HUMAN RESOURCES,33
79120,CLAUDE WARINGO,Q21091533,JEAN-CLAUDE JANER,A PORNOGRAPHIC AFFAIR,SISTER WELSH'S NIGHTS,24
79120,CLAUDE WARINGO,Q13460329,CLAUDIO GREGORI,A PORNOGRAPHIC AFFAIR,COLPI DI FORTUNA,38
79120,CLAUDE WARINGO,Q3680061,CLAUDIO GIOE,A PORNOGRAPHIC AFFAIR,THE MAFIA KILLS ONLY IN SUMMER,35
79120,CLAUDE WARINGO,Q1096705,CLAUDE FOISY,A PORNOGRAPHIC AFFAIR,WRONG TURN 3: LEFT FOR DEAD,38
79120,CLAUDE WARINGO,Q3165193,JEAN-CLAUDE RIGA,A PORNOGRAPHIC AFFAIR,WORKING WOMEN OF THE WORLD,30
79120,CLAUDE WARINGO,Q5129183,CLAUDIA HARRISON,A PORNOGRAPHIC AFFAIR,THE CAT'S MEOW,23
79120,CLAUDE WARINGO,Q7969755,WARNER SAUNDERS,A PORNOGRAPHIC AFFAIR,ALI,17
79120,CLAUDE WARINGO,Q3566047,WANG CHAO,A PORNOGRAPHIC AFFAIR,DAY AND NIGHT,41
79120,CLAUDE WARINGO,Q3369318,CLAUDE KLOTZ,A PORNOGRAPHIC AFFAIR,THE MAN ON THE TRAIN,34
79120,CLAUDE WARINGO,Q65588933,CLAUDIO ZAMARION,A PORNOGRAPHIC AFFAIR,FEBBRE DA CAVALLO - LA MANDRAKATA,35
79120,CLAUDE WARINGO,Q2977284,CLAUDE DESPINS,A PORNOGRAPHIC AFFAIR,STRANGER IN A CAB,47
79120,CLAUDE WARINGO,Q5772047,CLAUDIO MORGADO,A PORNOGRAPHIC AFFAIR,APASIONADOS,38
79120,CLAUDE WARINGO,Q15452041,LAUREN LAZIN,A PORNOGRAPHIC AFFAIR,TUPAC: RESURRECTION,26
79120,CLAUDE WARINGO,Q91508,MAREN ADE,A PORNOGRAPHIC AFFAIR,THE STORY OF MY WIFE,34
79120,CLAUDE WARINGO,Q2042590,CLAUDE REGY,A PORNOGRAPHIC AFFAIR,PUBLIC AFFAIRS,57
79120,CLAUDE WARINGO,Q1663125,INGO HAEB,A PORNOGRAPHIC AFFAIR,AM TAG ALS BOBBY EWING STARB,37
79120,CLAUDE WARINGO,Q528277,CLAUDIA FERRARI,A PORNOGRAPHIC AFFAIR,MILLIONAIRE,31
79120,CLAUDE WARINGO,Q7016257,SARIT VINO-ELAD,A PORNOGRAPHIC AFFAIR,THE WORLD IS FUNNY,26
79120,CLAUDE WARINGO,Q95873825,CLAUDIO CORMIO,A PORNOGRAPHIC AFFAIR,AFTER MIDNIGHT,40
79120,CLAUDE WARINGO,Q1249180,BELA RIGO,A PORNOGRAPHIC AFFAIR,STOP MOM THERESA!,22
79120,CLAUDE WARINGO,Q2977596,CLAUDE JEANCOLAS,A PORNOGRAPHIC AFFAIR,QUOI ? L'ETERNITE,22
79120,CLAUDE WARINGO,Q78155724,AUDREY MAURION,A PORNOGRAPHIC AFFAIR,"ICI ON NOIE LES ALGERIENS: 17 OCTOBRE 1961 (HERE WE DROWN ALGERIANS: OCTOBER 17TH, 1961)",21
79120,CLAUDE WARINGO,Q108652494,CLAUDE GARNIER,A PORNOGRAPHIC AFFAIR,NOT HERE TO BE LOVED,29
79120,CLAUDE WARINGO,Q242792,LAURA MARANO,A PORNOGRAPHIC AFFAIR,A SORT OF HOMECOMING,34
79120,CLAUDE WARINGO,Q2977620,CLAUDE KNOWLTON,A PORNOGRAPHIC AFFAIR,EDISON,22
79120,CLAUDE WARINGO,Q3559543,VINCENT CLAUDE,A PORNOGRAPHIC AFFAIR,LA VIE EST A NOUS !,37
79120,CLAUDE WARINGO,Q2977526,CLAUDE GUYONNET,A PORNOGRAPHIC AFFAIR,CORNOUAILLE,38
79120,CLAUDE WARINGO,Q3703572,DAVIDE MARENGO,A PORNOGRAPHIC AFFAIR,UN FIDANZATO PER MIA MOGLIE,33
79120,CLAUDE WARINGO,Q68009924,AUDE BRIANT,A PORNOGRAPHIC AFFAIR,Q60848250,0
79120,CLAUDE WARINGO,Q2978439,CLAUDIA TAGBO,A PORNOGRAPHIC AFFAIR,A LADY IN PARIS,39
79120,CLAUDE WARINGO,Q3680096,CLAUDIO LAZZARO,A PORNOGRAPHIC AFFAIR,Q3651377,0
79120,CLAUDE WARINGO,Q3615531,ANDREA BLARZINO,A PORNOGRAPHIC AFFAIR,FASCISTI SU MARTE,26
79120,CLAUDE WARINGO,Q3700432,DJ RINGO,A PORNOGRAPHIC AFFAIR,VITA SMERALDA,24
79120,CLAUDE WARINGO,Q7967523,WANG LAN,A PORNOGRAPHIC AFFAIR,BLISS,8
79120,CLAUDE WARINGO,Q7334950,RINGO LE,A PORNOGRAPHIC AFFAIR,SAIGON LOVE STORY,37
79120,CLAUDE WARINGO,Q116313,CLAUDE NOBS,A PORNOGRAPHIC AFFAIR,LIVE AT MONTREUX 1986,33
79120,CLAUDE WARINGO,Q39574,CANDICE KING,A PORNOGRAPHIC AFFAIR,AFTER WE COLLIDED,32
79120,CLAUDE WARINGO,Q2978126,CLAUDE SARRAUTE,A PORNOGRAPHIC AFFAIR,THE LAST MISTRESS,32
79120,CLAUDE WARINGO,Q2977363,CLAUDE FAURE,A PORNOGRAPHIC AFFAIR,TERROR'S ADVOCATE,32
79120,CLAUDE WARINGO,Q3437051,ROBIN CAUSSE,A PORNOGRAPHIC AFFAIR,NOBODY ELSE BUT YOU,20
79120,CLAUDE WARINGO,Q88284723,MARIO CANALE,A PORNOGRAPHIC AFFAIR,Q3846115,0
79120,CLAUDE WARINGO,Q52313519,MARIANO AGUDO,A PORNOGRAPHIC AFFAIR,"SAMBA, A NAME IN THE SAND",31
79120,CLAUDE WARINGO,Q3604986,ADAM HARRINGTON,A PORNOGRAPHIC AFFAIR,IRON MAN,34
79120,CLAUDE WARINGO,Q2978186,CLAUDE TALPAERT,A PORNOGRAPHIC AFFAIR,BIENVENUE CHEZ LES CH'TIS,17
79120,CLAUDE WARINGO,Q13460379,CARMINE GUARINO,A PORNOGRAPHIC AFFAIR,MOZZARELLA STORIES,31
79120,CLAUDE WARINGO,Q4924196,BLAIR WINGO,A PORNOGRAPHIC AFFAIR,BEAUTIFUL LOSER,28
79120,CLAUDE WARINGO,Q3291293,MARIANNE CHAUD,A PORNOGRAPHIC AFFAIR,LA NUIT NOMADE,34
79120,CLAUDE WARINGO,Q3827871,LAURA WRIGHT,A PORNOGRAPHIC AFFAIR,INK,17
79120,CLAUDE WARINGO,Q5129111,CLAUDETTE LALI,A PORNOGRAPHIC AFFAIR,FALLING UP,39
79120,CLAUDE WARINGO,Q21242667,JEAN-CLAUDE TRAN,A PORNOGRAPHIC AFFAIR,OSS 117: LOST IN RIO,35
79120,CLAUDE WARINGO,Q2741940,CLAUDINE MUNO,A PORNOGRAPHIC AFFAIR,THE BOAT RACE,29
79120,CLAUDE WARINGO,Q5771992,CLAUDIO LAFARGA,A PORNOGRAPHIC AFFAIR,"TREINTONA, SOLTERA Y FANTASTICA",35
79120,CLAUDE WARINGO,Q16337260,CLAUDIO MANOEL,A PORNOGRAPHIC AFFAIR,Q10371663,0
79120,CLAUDE WARINGO,Q16542310,CLAUDIO NOCE,A PORNOGRAPHIC AFFAIR,GOOD MORNING AMAN,37
79120,CLAUDE WARINGO,Q2385944,JEAN-CLAUDE RASPIENGEAS,A PORNOGRAPHIC AFFAIR,FIN DE CONCESSION,21
79120,CLAUDE WARINGO,Q6499177,LAURA MARTIN,A PORNOGRAPHIC AFFAIR,A DISTANT NEIGHBORHOOD,37
79120,CLAUDE WARINGO,Q2978005,CLAUDE PREGENT,A PORNOGRAPHIC AFFAIR,SILENCE LIES,24
79120,CLAUDE WARINGO,Q274404,CLAUDIO MAGRIS,A PORNOGRAPHIC AFFAIR,THE CARDBOARD VILLAGE,29
79120,CLAUDE WARINGO,Q8263013,WANG LUODAN,A PORNOGRAPHIC AFFAIR,TO THE FORE,25
79120,CLAUDE WARINGO,Q11988524,MARTIN LUND,A PORNOGRAPHIC AFFAIR,THE ALMOST MAN,29
79120,CLAUDE WARINGO,Q97367698,MARTIN CADOTTE,A PORNOGRAPHIC AFFAIR,Q107613898,0
79120,CLAUDE WARINGO,Q28773352,LUCE VIGO,A PORNOGRAPHIC AFFAIR,LE HAVRE,21
79120,CLAUDE WARINGO,Q7299217,RAYMOND WARING,A PORNOGRAPHIC AFFAIR,INTRUDERS,20
79120,CLAUDE WARINGO,Q65115936,JEAN-CLAUDE OLSZAK,A PORNOGRAPHIC AFFAIR,CASE DEPART,25
79120,CLAUDE WARINGO,Q1097963,CLAUDINE WILDE,A PORNOGRAPHIC AFFAIR,THE LAST FASHION SHOW,33
79120,CLAUDE WARINGO,Q61984568,MARIO CALVE,A PORNOGRAPHIC AFFAIR,Q61984553,0
79120,CLAUDE WARINGO,Q23925111,MARIO DE CANDIA,A PORNOGRAPHIC AFFAIR,7 SEA PIRATES,29
79120,CLAUDE WARINGO,Q2975059,CLAIRE KING,A PORNOGRAPHIC AFFAIR,THE WEDDING VIDEO,26
79120,CLAUDE WARINGO,Q313207,MARTIN LAURSEN,A PORNOGRAPHIC AFFAIR,"ME, MYSELF & MARTIN LAURSEN",22
79120,CLAUDE WARINGO,Q5129254,CLAUDIA SALINAS,A PORNOGRAPHIC AFFAIR,Q21093899,0
79120,CLAUDE WARINGO,Q21901247,MARTIN LAUE,A PORNOGRAPHIC AFFAIR,KOKOWAAH 2,32
79120,CLAUDE WARINGO,Q64708035,CLAUDINE OHAYON,A PORNOGRAPHIC AFFAIR,CONCUSSION,19
79120,CLAUDE WARINGO,Q26915001,CLAUDIA SAINTE-LUCE,A PORNOGRAPHIC AFFAIR,THE AMAZING CATFISH,35
79120,CLAUDE WARINGO,Q66563,CLAUDIA JUNG,A PORNOGRAPHIC AFFAIR,THE GRAND BUDAPEST HOTEL,27
79120,CLAUDE WARINGO,Q7219275,CHLOE WANG,A PORNOGRAPHIC AFFAIR,LUCY,8
79120,CLAUDE WARINGO,Q24648120,GARRETT WAREING,A PORNOGRAPHIC AFFAIR,BOYCHOIR,21
79120,CLAUDE WARINGO,Q2870837,AUDREY DIWAN,A PORNOGRAPHIC AFFAIR,THE MAN WITH THE IRON HEART,38
79120,CLAUDE WARINGO,Q5388468,ERIK AUDE,A PORNOGRAPHIC AFFAIR,AMERICAN SNIPER,28
79120,CLAUDE WARINGO,Q16546347,DADO MARTINO,A PORNOGRAPHIC AFFAIR,I WANNA BE THE TESTIMONIAL,30
79120,CLAUDE WARINGO,Q8394815,JUDE WRIGHT,A PORNOGRAPHIC AFFAIR,THE WOMAN IN BLACK: ANGEL OF DEATH,33
79120,CLAUDE WARINGO,Q23304068,CLAUDIO MARCONE,A PORNOGRAPHIC AFFAIR,IN THE GRAYSCALE,27
79120,CLAUDE WARINGO,Q1097592,CLAUDIA LOERDING,A PORNOGRAPHIC AFFAIR,WE ARE YOUNG. WE ARE STRONG.,38
79120,CLAUDE WARINGO,Q19967868,CLARE LEWINS,A PORNOGRAPHIC AFFAIR,I AM ALI,34
79120,CLAUDE WARINGO,Q20895155,CASPER HARDING,A PORNOGRAPHIC AFFAIR,Q33560202,0
79120,CLAUDE WARINGO,Q2802640,LULU WANG,A PORNOGRAPHIC AFFAIR,POSTHUMOUS,19
79120,CLAUDE WARINGO,Q25190449,LULU WANG,A PORNOGRAPHIC AFFAIR,THE FAREWELL,30
79120,CLAUDE WARINGO,Q65119698,MARIE-CLAUDE LANGLOIS,A PORNOGRAPHIC AFFAIR,STRANGER IN A CAB,47
79120,CLAUDE WARINGO,Q65115479,ANDRE LARIN,A PORNOGRAPHIC AFFAIR,GUROV AND ANNA,40
79120,CLAUDE WARINGO,Q104834197,CLAUDE GUILMAIN,A PORNOGRAPHIC AFFAIR,"THE VAN DOOS, 100 YEARS WITH THE ROYAL 22E REGIMENT",25
79120,CLAUDE WARINGO,Q327707,CLAUDE LORIUS,A PORNOGRAPHIC AFFAIR,ICE AND THE SKY,28
79120,CLAUDE WARINGO,Q16924414,WANG JUE,A PORNOGRAPHIC AFFAIR,THARLO,22
79120,CLAUDE WARINGO,Q22262189,KATRINA JADE,A PORNOGRAPHIC AFFAIR,I AM RILEY,39
79120,CLAUDE WARINGO,Q95647621,CLARE DOWLING,A PORNOGRAPHIC AFFAIR,THE WHITE SNAKE,28
79120,CLAUDE WARINGO,Q78044135,JEAN-CLAUDE MARTINEAU,A PORNOGRAPHIC AFFAIR,CITIZENS OF NOWHERE,25
79120,CLAUDE WARINGO,Q65115935,JEAN-CLAUDE MARTINEAU,A PORNOGRAPHIC AFFAIR,CITIZENS OF NOWHERE,25
79120,CLAUDE WARINGO,Q26760284,CADEN WILKINSON,A PORNOGRAPHIC AFFAIR,CAPTAIN AMERICA: CIVIL WAR,30
79120,CLAUDE WARINGO,Q24951410,DAVID WINGO,A PORNOGRAPHIC AFFAIR,THE REPORT,32
79120,CLAUDE WARINGO,Q24706344,CLAUDE KNIGHT,A PORNOGRAPHIC AFFAIR,NG83 WHEN WE WERE B BOYS,27
79120,CLAUDE WARINGO,Q17280316,CLAUDIA VAREJAO,A PORNOGRAPHIC AFFAIR,AMOR FATI,33
79120,CLAUDE WARINGO,Q27044589,CLAUDE GONZALEZ,A PORNOGRAPHIC AFFAIR,LONG STORY SHORT,27
79120,CLAUDE WARINGO,Q27056886,KARIN BAUER,A PORNOGRAPHIC AFFAIR,Q27056885,0
79120,CLAUDE WARINGO,Q95180005,MARTIN CAREV,A PORNOGRAPHIC AFFAIR,Q30336080,0
79120,CLAUDE WARINGO,Q56479298,GUILLAUME MARIN,A PORNOGRAPHIC AFFAIR,Q56479299,0
79120,CLAUDE WARINGO,Q55723361,CLAUDE LALONDE,A PORNOGRAPHIC AFFAIR,ORIGAMI,36
79120,CLAUDE WARINGO,Q86209967,ANDRES GARRIGO,A PORNOGRAPHIC AFFAIR,FATIMA THE ULTIMATE MYSTERY,29
79120,CLAUDE WARINGO,Q522543,CLAUDIA PINEIRO,A PORNOGRAPHIC AFFAIR,Q39188958,0
79120,CLAUDE WARINGO,Q1409768,MARTIN BADEN,A PORNOGRAPHIC AFFAIR,KLASSENTREFFEN,23
79120,CLAUDE WARINGO,Q109520133,CLAUDE HAMEL,A PORNOGRAPHIC AFFAIR,ISHKUEU TERRITORY WOMAN TERRITORY,30
79120,CLAUDE WARINGO,Q2977911,CLAUDE PALARDY,A PORNOGRAPHIC AFFAIR,THE ASSAILLANT,29
79120,CLAUDE WARINGO,Q106282827,MARIANA CHAUD,A PORNOGRAPHIC AFFAIR,LA FLOR - EPISODE 4,32
79120,CLAUDE WARINGO,Q28413863,CAO DEWANG,A PORNOGRAPHIC AFFAIR,AMERICAN FACTORY,32
79120,CLAUDE WARINGO,Q21403461,MARIO CANEDO,A PORNOGRAPHIC AFFAIR,HOW I TAUGHT MYSELF TO BE A CHILD,26
79120,CLAUDE WARINGO,Q108218999,CLAUDE RIVEST,A PORNOGRAPHIC AFFAIR,"JONGUE, A NOMAD'S JOURNEY",36
79120,CLAUDE WARINGO,Q103980094,CLAUDIO MAGNO,A PORNOGRAPHIC AFFAIR,STARS ABOVE US,29
79120,CLAUDE WARINGO,Q98435706,NADIA CLAUDI,A PORNOGRAPHIC AFFAIR,Q98131681,0
79120,CLAUDE WARINGO,Q63378729,AUDE LEA RAPIN,A PORNOGRAPHIC AFFAIR,HEROES DON'T DIE,27
79120,CLAUDE WARINGO,Q99347242,CLAUDIA RINKE,A PORNOGRAPHIC AFFAIR,NOW,17
79120,CLAUDE WARINGO,Q21064003,ILSE WARRINGA,A PORNOGRAPHIC AFFAIR,PIRATES DOWN THE STREET,27
79120,CLAUDE WARINGO,Q4822672,AURY WALLINGTON,A PORNOGRAPHIC AFFAIR,SPIRIT UNTAMED,29
79120,CLAUDE WARINGO,Q109496714,CLAUDIA GROB,A PORNOGRAPHIC AFFAIR,THE FAM,29
79120,CLAUDE WARINGO,Q109271422,CLAUDE HEINRICH,A PORNOGRAPHIC AFFAIR,A PURE PLACE,36
